source_url,publish_date,news_paper_name,title,first_paragraph
https://www.cnn.com/business/live-news/stock-market-bank-earnings/index.html,"Fri, 14 Apr 2023 20:00:28 GMT",CNN,Markets digest bank earnings after recent turmoil,
https://www.cnn.com/2023/04/13/success/tax-filing-tips/index.html,"Fri, 14 Apr 2023 20:07:40 GMT",CNN,Still haven't filed your taxes? Here's what you need to know,"So far this tax season, the IRS has received more than 90 million income tax returns for 2022."
https://www.cnn.com/2023/04/14/economy/march-retail-sales/index.html,"Fri, 14 Apr 2023 14:29:52 GMT",CNN,Retail spending fell in March as consumers pull back,Spending at US retailers fell in March as consumers pulled back amid recessionary fears fueled by the banking crisis.
https://www.cnn.com/2023/04/14/media/fox-news-dominion-hnk-intl/index.html,"Fri, 14 Apr 2023 06:41:00 GMT",CNN,Analysis: Fox News is about to enter the true No Spin Zone,This is it.
https://www.cnn.com/2023/04/13/business/silicon-valley-bank-entrepreneurs-of-color-reaj/index.html,"Thu, 13 Apr 2023 21:13:04 GMT",CNN,Silicon Valley Bank collapse renews calls to address disparities impacting entrepreneurs of color,"When customers at Silicon Valley Bank rushed to withdraw billions of dollars last month, venture capitalist Arlan Hamilton stepped in to help some of the founders of color who panicked about losing access to payroll funds."
https://www.cnn.com/2022/03/21/us/lake-powell-capacity-shrinking-drought-climate/index.html,"Mon, 21 Mar 2022 19:54:24 GMT",CNN,"Not only is Lake Powell's water level plummeting because of drought, its total capacity is shrinking, too","Lake Powell, the second-largest human-made reservoir in the US, has lost nearly 7% of its potential storage capacity since 1963, when Glen Canyon Dam was built, a new report shows."
https://www.cnn.com/2022/03/22/world/air-pollution-2021-iqair-report-climate/index.html,"Tue, 22 Mar 2022 16:43:47 GMT",CNN,"These were the best and worst places for air quality in 2021, new report shows","Air pollution spiked to unhealthy levels around the world in 2021, according to a new report."
https://www.cnn.com/2022/03/20/us/solar-power-on-big-box-store-rooftops-climate/index.html,"Sun, 20 Mar 2022 07:01:50 GMT",CNN,Big-box stores could help slash emissions and save millions by putting solar panels on roofs. Why aren't more of them doing it?,"As the US attempts to wean itself off its heavy reliance on fossil fuels and shift to cleaner energy sources, many experts are eyeing a promising solution: your neighborhood big-box stores and shopping malls."
https://www.cnn.com/style/article/blackpink-coachella-2023-hanboks-lotw/index.html,"Tue, 18 Apr 2023 15:39:40 GMT",CNN,Look of the Week: Blackpink headline Coachella in Korean hanboks,"Bringing the second day of this year's Coachella to a close, K-Pop girl group Blackpink made history Saturday night when they became the first Asian act to ever headline the festival. To a crowd of, reportedly, over 125,000 people, Jennie, Jisoo, Lisa and Rosé used the ground-breaking moment to pay homage to Korean heritage by arriving onstage in hanboks: a traditional type of dress."
https://www.cnn.com/style/article/old-masters-da-vinci-egg-yolk-painting-scn/index.html,"Thu, 30 Mar 2023 17:43:18 GMT",CNN,Scientists identify secret ingredient in Leonardo da Vinci paintings,"""Old Masters"" such as Leonardo da Vinci, Sandro Botticelli and Rembrandt may have used proteins, especially egg yolk, in their oil paintings, according to a new study."
https://www.cnn.com/style/article/playboy-the-conversation/index.html,"Tue, 11 Apr 2023 07:10:28 GMT",CNN,How Playboy cut ties with Hugh Hefner to create a post-MeToo brand,"Hugh Hefner launched Playboy Magazine 70 years ago this year. The first issue included a nude photograph of Marilyn Monroe, which he had purchased and published without her knowledge or consent."
https://www.cnn.com/style/article/fashion-week-fall-winter-2023-size-diversity-skinny-wegovy/index.html,"Thu, 06 Apr 2023 20:53:38 GMT",CNN,'A definitive backslide.' Inside fashion's worrying runway trend,"Now that the Fall-Winter 2023 catwalks have been disassembled, it's clear one trend was more pervasive than any collective penchant for ruffles, pleated skirts or tailored coats."
https://www.cnn.com/style/article/michael-jordan-sneakers-1998-finals-sothebys-auction-record/index.html,"Wed, 12 Apr 2023 03:17:57 GMT",CNN,Michael Jordan's 1998 NBA Finals sneakers sell for a record $2.2 million,"In 1998, Michael Jordan laced up a pair of his iconic black and red Air Jordan 13s to bring home a Bulls victory during Game 2 of his final NBA championship — and now they are the most expensive sneakers ever to sell at auction. The game-winning sneakers sold for $2.2 million at Sotheby's in New York on Tuesday, smashing the sneaker auction record of $1.47 million, set in 2021 by a pair of Nike Air Ships that Jordan wore earlier in his career."
https://www.cnn.com/style/article/francois-prost-gentlemens-club/index.html,"Mon, 06 Mar 2023 14:13:40 GMT",CNN,The surreal facades of America's strip clubs,"Some people travel the world in search of adventure, while others seek out natural wonders, cultural landmarks or culinary experiences. But French photographer François Prost was looking for something altogether different during his recent road trip across America: strip clubs."
https://www.cnn.com/travel/article/airplane-mode-reasons-why/index.html,"Fri, 07 Apr 2023 12:52:23 GMT",CNN,Here's the real reason to turn on airplane mode when you fly,"We all know the routine by heart: ""Please ensure your seats are in the upright position, tray tables stowed, window shades are up, laptops are stored in the overhead bins and electronic devices are set to flight mode."""
https://www.cnn.com/travel/article/hippo-attack-avoid-survive-paul-templer/index.html,"Wed, 12 Apr 2023 12:44:43 GMT",CNN,"'I was up to my waist down a hippo's throat.' He survived, and here's his advice",Paul Templer was living his best life.
https://www.cnn.com/travel/article/couple-turned-abandoned-japanese-home-into-guest-house/index.html,"Mon, 10 Apr 2023 12:22:59 GMT",CNN,They bought an abandoned 'ghost house' in the Japanese countryside,"He'd spent years backpacking around the world, and Japanese traveler Daisuke Kajiyama was finally ready to return home to pursue his long-held dream of opening up a guesthouse."
https://www.cnn.com/travel/article/mongolia-reasons-to-visit-2023/index.html,"Fri, 31 Mar 2023 04:25:31 GMT",CNN,Relaxed entry rules make it easier than ever to visit this stunning Asian nation,"Due to its remoteness and short summer season, Mongolia has long been a destination overlooked by travelers."
https://www.cnn.com/travel/article/china-beautiful-great-wall-sections-cmd/index.html,"Mon, 18 Sep 2023 02:57:08 GMT",CNN,The most beautiful sections of China's Great Wall,"Having lived in Beijing for almost 12 years, I've had plenty of time to travel widely in China."
https://www.cnn.com/specials/travel-newsletter,"Fri, 10 Dec 2021 18:58:28 GMT",CNN,Sign up to our newsletter for a weekly roundup of travel news,
https://www.cnn.com/2022/12/11/us/cnn-heroes-all-star-tribute-hero-of-the-year/index.html,"Mon, 12 Dec 2022 10:38:27 GMT",CNN,"Nelly Cheboi, who creates computer labs for Kenyan schoolchildren, is CNN's Hero of the Year",Celebrities and musicians are coming together tonight to honor everyday people making the world a better place.
https://www.cnn.com/specials/cnn-heroes-salutes-special,"Sat, 10 Dec 2022 19:39:29 GMT",CNN,CNN Heroes: Sharing the Spotlight,
https://www.cnn.com/videos/tv/2021/11/26/how-to-donate-matching-cnnheroes.cnn,"Fri, 26 Nov 2021 21:14:02 GMT",CNN,Donate now to a Top 10 CNN Hero,Anderson Cooper explains how you can easily donate to any of the 2021 Top 10 CNN Heroes.
https://www.fool.com/the-ascent/credit-cards/landing/wells-fargo-reflect-review/?utm_site=theascent&utm_campaign=ta-cc-co-cnn-welref2-ron-5-hp-sfpb&utm_medium=cpc&utm_source=cnn,,CNN,0% intro APR until 2024 is 100% insane,
https://www.fool.com/the-ascent/credit-cards/landing/citi-simplicity-review/?utm_site=theascent&utm_campaign=ta-cc-co-cnn-citisimp2-ron-5-hp-sfpb&utm_medium=cpc&utm_source=cnn,,CNN,It's official: now avoid credit card interest into 2024,
https://www.fool.com/the-ascent/credit-cards/landing/wells-fargo-active-cash-card-review/?utm_site=theascent&utm_campaign=ta-cc-co-cnn-welac2-ron-5-hp-sfpb&utm_medium=cpc&utm_source=cnn,,CNN,Experts: this is the best cash back card of 2022,
https://www.lendingtree.com/?splitterid=home-equity&cproduct=he&cchannel=content&csource=cnn&cmethod=heform&ccreative=risingequitycash_housemoneystack&placement_name=sectionfronts&ad_headline=risingequitycash&ad_image_name=housemoneystack&ctype=sectionfronts&bdst=revshare&mtaid=AC53E&esourceid=6348616,,CNN,Turn Your Rising Home Equity Into Cash You Can Use,
https://www.lendingtree.com/?splitterid=home-equity&cproduct=he&cchannel=content&csource=cnn&cmethod=heform&ccreative=dreambighomeequity_housemoneystack&placement_name=sectionfronts&ad_headline=dreambighomeequity&ad_image_name=housemoneystack&ctype=sectionfronts&bdst=revshare&mtaid=AC53E&esourceid=6348616,,CNN,Dream Big with a Home Equity Loan,
https://www.lendingtree.com/?splitterid=home-equity&cproduct=he&cchannel=content&csource=cnn&cmethod=heform&ccreative=cashoutoptions_housemoneystack&placement_name=sectionfronts&ad_headline=cashoutoptions&ad_image_name=housemoneystack&ctype=sectionfronts&bdst=revshare&mtaid=AC53E&esourceid=6348616,,CNN,Want Cash Out of Your Home? Here Are Your Best Options,
https://www.cnn.com/2023/04/18/us/fulton-county-jail-leadership-resignations-lashawn-thompson-death/index.html,"Tue, 18 Apr 2023 15:08:03 GMT",CNN,"Fulton County, Georgia, jail leadership resigns after inmate's death and accusations of unsanitary conditions","Three officials at the Fulton County, Georgia, jail have stepped down amid an investigation into the death of an inmate whose family said was housed in a filthy, bug-infested cell that ""was not fit for a diseased animal."""
https://www.cnn.com/2023/04/17/us/crosley-green-prison-return/index.html,"Mon, 17 Apr 2023 22:45:49 GMT",CNN,He was free for 2 years. Now Crosley Green is back in prison for a crime he says he didn't commit,A Florida man who served three decades behind bars for a murder he says he didn't commit returned to prison Monday after spending the past two years building a life outside prison walls.
https://www.cnn.com/2023/04/17/us/tennessee-air-national-guardsman-hitman-online-application/index.html,"Mon, 17 Apr 2023 09:06:12 GMT",CNN,"Tennessee Air National Guardsman applied to be a hitman online, the FBI says. It was a spoof website and now he's facing charges","A Tennessee Air National Guardsman is facing charges after applying to be a hitman on a spoof ""rent-a-hitman"" website, according to the Department of Justice."
https://www.cnn.com/2023/04/16/us/lawsuit-indianapolis-fedex-mass-shooting/index.html,"Mon, 17 Apr 2023 18:54:28 GMT",CNN,Family of victim and survivors of Indianapolis FedEx mass shooting file lawsuit against gun magazine manufacturer and distributors,"The family of a victim and several survivors of a mass shooting at a FedEx facility in Indianapolis filed a lawsuit against companies involved in the manufacturing, marketing and sale of the high capacity magazine used by the gunman who killed 8 people and injured several others in 2021."
https://www.cnn.com/2023/04/18/politics/schumer-senate-feinstein-vote-cardin/index.html,"Tue, 18 Apr 2023 22:03:13 GMT",CNN,GOP prepared to block vote to replace Feinstein on Senate Judiciary,"Senate Majority Leader Chuck Schumer said on Tuesday that he hopes to replace Democratic Sen. Dianne Feinstein on the Senate Judiciary Committee with Sen. Ben Cardin of Maryland and aims to set up a floor vote on the issue this afternoon, which Republicans are expected to block."
https://www.cnn.com/2023/04/18/politics/abortion-supreme-court-mifepristone-restrictions-filing/index.html,"Tue, 18 Apr 2023 16:35:37 GMT",CNN,Anti-abortion doctors urge Supreme Court to keep mifepristone restrictions in place,"A group of doctors opposed to abortion asked the Supreme Court Tuesday to restrict access to a key medication abortion drug while other legal challenges play out, as Wednesday night's deadline for the court to act approaches."
https://www.cnn.com/2023/04/18/politics/mccarthy-debt-limit-plan/index.html,"Tue, 18 Apr 2023 15:17:18 GMT",CNN,McCarthy makes plea for Republicans to back debt ceiling plan,"Speaker Kevin McCarthy made a plea to House Republicans during a closed-door meeting Tuesday morning to back his debt ceiling plan, telling them that although it doesn't have to include everything they want, it will help get him to the negotiating table with President Joe Biden."
https://www.cnn.com/2023/04/18/politics/groff-dejoy-supreme-court-religious-liberty/index.html,"Tue, 18 Apr 2023 17:37:57 GMT",CNN,Supreme Court seems sympathetic to postal worker who didn't work Sundays in dispute over religious accommodations,"The Supreme Court seemed to side with a former mail carrier, an evangelical Christian, who says the US Postal Service failed to accommodate his request to not work on Sundays."
https://www.cnn.com/2023/04/17/economy/china-gdp-q1-2023-intl-hnk/index.html,"Tue, 18 Apr 2023 07:01:12 GMT",CNN,"China's economy is off to a solid start, rising 4.5% in Q1 2023",China's economy is off to a solid start in 2023 following its emergence from three years of strict pandemic restrictions.
https://www.cnn.com/2023/04/16/success/husbands-wives-earning-division-of-labor-pew-survey/index.html,"Sun, 16 Apr 2023 17:29:49 GMT",CNN,"Even when wives make as much as husbands, they still do more at home",• Four out of the five US metro areas with the lowest unemployment are in Florida. Here's why • Opinion: The overlooked problem with raising the retirement age for Social Security
https://www.cnn.com/2023/04/17/business/mcdonalds-burgers/index.html,"Mon, 17 Apr 2023 16:31:30 GMT",CNN,McDonald's is upgrading its burgers,"McDonald's, which has been focusing on upgrading its core items to boost sales, is rolling out a series of changes designed to improve its signature burgers."
https://www.cnn.com/2023/04/17/tech/google-ai-search-engine-stock-drop/index.html,"Mon, 17 Apr 2023 15:52:19 GMT",CNN,Google-parent stock drops on fears it could lose search market share to AI-powered rivals,"Shares of Google-parent Alphabet fell more than 3% in early trading Monday after a report sparked concerns that its core search engine could lose market share to AI-powered rivals, including Microsoft's Bing."
https://6abc.com/philadelphia-eagles-tailgate-south-vietnam-veteran/12524946/,,CNN,Family throws surprise birthday party at Eagles tailgate for Vietnam vet,
https://www.wptv.com/news/education/200-000-worth-of-supplies-distributed-for-palm-beach-county-schools-during-giveaway-event,,CNN,"$200,000 worth of supplies donated to PB schools",
https://abc7ny.com/police-involved-shooting-grand-concourse-section-suspect-shot-in-head-and-leg-bronx/12524318,,CNN,Car chase ends with police-involved shooting,
https://www.wfsb.com/2022/12/02/racoon-attack-ashford/,,CNN,Mother fends off raccoon from daughter,
https://www.atlantanewsfirst.com/2022/12/04/police-2-ford-mustangs-totaling-nearly-200k-stolen-upson-county-dealership/,,CNN,Cars totaling nearly $200k stolen from dealership,
https://wach.com/news/local/christmas-parade-road-closures-and-detours-in-downtown-lexington#,,CNN,Christmas parade road closures and detours,
https://www.newschannel5.com/news/newschannel-5-investigates/hospitals-becoming-a-dumping-ground-for-kids-in-dcs-custody,,CNN,Hospitals becoming a 'dumping ground' for kids,
https://auburnpub.com/news/local/aurelius-girl-who-called-911-for-her-father-honored-by-cayuga-county-sheriff/article_be0826d5-b1ff-51a0-ab94-99dade83ad38.html,,CNN,Girl who called 911 for her father honored,
https://poststar.com/news/local/lake-george-water-study-could-delay-commercial-construction/article_dc5e67ce-718d-11ed-82c2-ef3febaf7e24.html,,CNN,Water study could delay commercial construction,
https://www.cbsnews.com/philadelphia/news/almost-200-animals-rescued-from-puppy-mill-in-ocean-county/,,CNN,Almost 200 animals rescued from puppy mill,
https://www.news5cleveland.com/news/local-news/she-made-a-promise-to-her-husband-to-keep-their-tree-farm-going,,CNN,She made a promise to her husband to keep their tree farm going,
https://www.kristv.com/news/local-news/high-school-football-players-gain-new-perspective-helping-veterans,,CNN,HS football players gain perspective helping vets,
https://www.wisn.com/article/milwaukee-dancing-grannies-planning-return-to-waukesha/42138823,,CNN,Milwaukee Dancing Grannies planning return,
https://www.kare11.com/article/news/local/mfd-crews-respond-to-fire-at-boarded-up-apartment-building/89-6b440525-7462-4b35-86be-6715c5007f8d,,CNN,Fire crews respond to fire at boarded up building,
https://www.tmj4.com/news/local-news/10-year-old-upset-over-vr-headset-fatally-shoots-mother-charged-as-an-adult,,CNN,10-year-old shoot mom over VR headset,
https://www.cbs58.com/news/horizon-west-condo-owners-in-waukesha-remember-building-fire-one-year-later,,CNN,Condo owners remember building scare,
https://www.ketv.com/article/ralston-she-was-going-through-a-lot-5th-grader-raises-2000-for-grieving-teacher/42115993,,CNN,"5th grader raises $2,000 for grieving teacher",
https://www.cnn.com/2022/12/10/politics/kyrsten-sinema-independent-democrats/index.html,"Sat, 10 Dec 2022 17:24:17 GMT",CNN,How Kyrsten Sinema's decision makes Democrats' 2024 Senate map tighter,"Arizona Sen. Kyrsten Sinema decided to shake up the political world on Friday by becoming an independent. The former Democrat is still caucusing with the party in the Senate, so the Democratic caucus still has 51 members. Now, instead of 49 Democrats and two independents within their ranks, the caucus has 48 Democrats and three independents."
https://www.cnn.com/2022/12/11/politics/louisa-terrell-legislative-director/index.html,"Sun, 11 Dec 2022 16:16:48 GMT",CNN,Meet the woman steering Biden's bipartisan winning streak on Capitol Hill,"The Biden administration managed to rack up a long list of major legislative wins in its first two years despite facing one of the most closely-divided Congresses in history. From bipartisan action on infrastructure, gun safety and same-sex marriage to party-line bills tackling climate change and expanding health care coverage, it's a record President Joe Biden and Democrats on the ballot were all eager to tout on the campaign trail during the midterms."
https://www.cnn.com/audio/podcasts/political-briefing,,CNN,CNN Political Briefing,"The political news you need to know, in 10 minutes or less. Hosted by David Chalian."
https://www.cnn.com/audio/podcasts/axe-files,,CNN,The Axe Files with David Axelrod,Go beyond the soundbites and get to know some of the most interesting players in politics.
https://www.cnn.com/audio/podcasts/margins-of-error,,CNN,Margins of Error,Look closely at almost anything and you'll find data—lots of it. But what are those numbers really saying about who we are and what we believe? Harry Enten is on a mission to find out.
https://www.cnn.com/2022/11/15/politics/donald-trump-investigations-lawsuits/index.html,"Thu, 08 Dec 2022 03:36:24 GMT",CNN,The notable legal clouds that continue to hang over Donald Trump,"All eyes are on former President Donald Trump, who has launched another White House bid."
https://www.cnn.com/2022/11/29/politics/respect-for-marriage-act-what-matters/index.html,"Tue, 29 Nov 2022 23:32:13 GMT",CNN,The fine print of the Respect for Marriage Act,Let's start with the positive: Republicans and Democrats are coming together to protect same-sex marriage from the Supreme Court.
https://www.cnn.com/2022/08/31/politics/biden-student-loan-forgiveness-faq/index.html,"Tue, 13 Jun 2023 20:58:58 GMT",CNN,Everything you need to know about Biden's student loan forgiveness program,"President Joe Biden's federal student loan forgiveness program, which promises to deliver up to $20,000 of debt relief for millions of borrowers, is on hold indefinitely as legal challenges work their way through the courts."
https://www.cnn.com/video/playlists/this-week-in-politics/,"Fri, 14 Jun 2024 04:13:26 GMT",CNN,Politics of the Day,Politics of the Day
https://www.comparecards.com/?splitterid=coca-category-low-interest&mtaid=8631C&esourceid=6497536&utm_source=cnn&tar=sectionfronts&grp=cat-low-interest&utm_content=use+the+right+card+for+holiday+gifts+you+could+save+hundreds&adt=brunetteredcard&placement_name=sectionfronts&ad_headline=use+the+right+card+for+holiday+gifts+you+could+save+hundreds&ad_image_name=brunetteredcard&utm_medium=native&ad_position=0&bdst=revshare,,CNN,Use the Right Card for Holiday Gifts (Save Hundreds on Interest),
https://www.comparecards.com/?splitterid=coca-category-low-interest&mtaid=8631C&esourceid=6497536&utm_source=cnn&tar=sectionfronts&grp=cat-low-interest&utm_content=10+cards+charging+0+interest+until+2024&adt=brunetteredcard&placement_name=sectionfronts&ad_headline=10+cards+charging+0+interest+until+2024&ad_image_name=brunetteredcard&utm_medium=native&ad_position=0&bdst=revshare,,CNN,10 Cards Charging 0% Interest Until 2024,
https://www.comparecards.com/?splitterid=coca-cat-cash-back&mtaid=8631C&esourceid=6488886&utm_source=cnn&tar=sectionfronts&grp=cat-cb&utm_content=get+a+200+cash+back+bonus+on+holiday+gift+buying&adt=brunetteredcard&placement_name=sectionfronts&ad_headline=get+a+200+cash+back+bonus+on+holiday+gift+buying&ad_image_name=brunetteredcard&utm_medium=native&ad_position=0&bdst=revshare,,CNN,Get a $200 Cash Back Bonus on Holiday Gift Buying,
http://money.cnn.com/2018/11/01/retirement/irs-contributions/index.html?section=money_latest,"Thu, 01 Nov 2018 16:50:22 EDT",CNN,Retirement contribution limits will rise in 2019,Good news retirement savers: The Internal Revenue Service announced cost of living increases to the contribution limits for retirement-related plans in 2019.
http://www.cnn.com/2016/11/18/tech/how-to-spot-fake-misleading-news-trnd/index.html?eref=rss_tech,"Fri, 18 Nov 2016 15:21:18 EST",CNN,How to outsmart fake news in your Facebook feed,Fake news is actually really easy to spot -- if you know how. Consider this your New Media Literacy Guide.
http://www.cnn.com/2016/11/18/luxury/grand-prix-horlogerie-oscars-of-watches-2016/index.html?eref=rss_tech,"Fri, 18 Nov 2016 15:17:23 EST",CNN,Revealed: Winners of the 'Oscars of watches',It's the prize giving ceremony that everyone's on time for.
http://www.cnn.com/2016/11/18/motorsport/roborace-marrakech-cop22-formula-e/index.html?eref=rss_tech,"Fri, 18 Nov 2016 15:21:35 EST",CNN,Driverless 'Roborace' car makes street track debut,It is a car kitted out with technology its developers boldly predict will transform our cities and change the way we live.
http://www.cnn.com/2016/11/18/aviation/sports-car-with-wings-icon-a5/index.html?eref=rss_tech,"Fri, 18 Nov 2016 15:17:23 EST",CNN,Flying a sports car with wings,Piloting one of the breed of light aircraft is said to be as easy as driving a car
http://www.cnn.com/2016/11/14/world/gallery/supermoon-november-2016/index.html?eref=rss_tech,"Wed, 16 Nov 2016 12:38:28 EST",CNN,Brightest supermoon since 1948,See photos of November's supermoon -- the brightest in nearly 70 years.
http://www.cnn.com/2016/11/07/politics/nasa-astronaut-space-vote-election-2016/index.html?eref=rss_tech,"Tue, 08 Nov 2016 13:17:52 EST",CNN,This NASA astronaut voted from space,"From infinity and beyond, he found a way to vote."
http://www.cnn.com/2016/11/15/tech/girls-design-africa-space-satellite/index.html?eref=rss_tech,"Thu, 17 Nov 2016 11:07:22 EST",CNN,Teen girls prepare for space launch,Teenage girls have designed Africa's first private satellite due to launch into space in 2017. It's hoped it can monitor and find answers to South Africa's drought crisis.
http://www.cnn.com/2016/10/26/health/astronaut-back-pain-spine-health-space/index.html?eref=rss_tech,"Tue, 08 Nov 2016 13:11:11 EST",CNN,Going to space is a real pain in the back,"A six-month stay on the International Space Station can be a pain in the back for astronauts. While they may gain up to 2 inches in height temporarily, that effect is accompanied by a weakening of the muscles supporting the spine, according to a new study."
http://www.cnn.com/2016/10/29/europe/russia-nuclear-drills/index.html?eref=rss_tech,"Wed, 02 Nov 2016 15:31:19 EDT",CNN,Russian gamers race to prevent nuclear 'war',"""Attention! Attention!"" blares the Russian voice from a loudspeaker. ""The nuclear bombs will be launched in one hour."""
http://www.cnn.com/2016/11/14/health/virtual-reality-gear-kids-holidays/index.html?eref=rss_tech,"Thu, 17 Nov 2016 11:12:43 EST",CNN,What parents should know about the VR gear kids want,"Thinking about treating your family to a little virtual reality this holiday? Have no idea where to start? Don't worry. From Google's inexpensive Cardboard VR viewer to Sony's new PlayStation VR, this guide will help you figure out what makes sense for your family's interests, needs and budget."
http://www.cnn.com/2016/11/09/asia/on-japan---wearable-tech/index.html?eref=rss_tech,"Fri, 11 Nov 2016 16:55:47 EST",CNN,Japan's boom in weird wearable tech,"What do Discman, Tamagotchi, and Game Boy have in common?"
http://www.cnn.com/2016/10/31/health/kids-sleep-screens-tech/index.html?eref=rss_tech,"Fri, 11 Nov 2016 16:56:07 EST",CNN,"Cell phones, screens are keeping your kid awake","These days, teachers often face classrooms filled with yawning students who stayed up late snapping selfies or playing online games."
https://www.cnn.com/2022/12/05/entertainment/kirstie-alley-obit/index.html,"Tue, 06 Dec 2022 12:59:28 GMT",CNN,"Kirstie Alley, 'Cheers' and 'Veronica's Closet' star, dead at 71","Actress Kirstie Alley has died after a brief battle with cancer, her children announced on social media."
https://www.cnn.com/2022/12/06/entertainment/john-travolta-kirstie-alley/index.html,"Tue, 06 Dec 2022 14:22:24 GMT",CNN,John Travolta and Kirstie Alley: A love story,"Kirstie Alley and John Travolta were never romantically involved, but that wasn't how she initially wanted it."
https://www.cnn.com/2022/12/06/entertainment/chelsea-handler-leslie-jones-daily-show/index.html,"Tue, 06 Dec 2022 20:30:42 GMT",CNN,"Chelsea Handler, Leslie Jones and John Leguizamo among guest hosts to step in for Trevor Noah on 'The Daily Show'","The end of an era is fast approaching at Comedy Central's ""The Daily Show,"" and the network has announced at least the first phase of plans for what's to come next."
https://www.cnn.com/2022/12/06/entertainment/ashton-kutcher-michael/index.html,"Tue, 06 Dec 2022 15:42:43 GMT",CNN,"Ashton Kutcher and twin Michael talk health, guilt and rift between them","In a rare interview, twin brothers Ashton and Michael Kutcher talked about both their bond and their rift."
https://www.cnn.com/2022/12/06/entertainment/bong-joon-ho-mickey-17-trailer-new-movie/index.html,"Tue, 06 Dec 2022 17:01:45 GMT",CNN,Bong Joon Ho's 'Mickey 17' gets trailer and release date,"A first look at ""Parasite"" director Bong Joon Ho's new movie is here."
https://www.cnn.com/2022/12/06/entertainment/blackpink-time-entertainer-of-the-year-2022-intl-scli/index.html,"Tue, 06 Dec 2022 11:18:19 GMT",CNN,K-pop band Blackpink selected as Time Entertainer of the Year 2022,"Global pop sensation Blackpink have been chosen as Time magazine's 2022 Entertainer of the Year, making the four-woman band the second K-pop artists to earn the title, after BTS in 2020."
https://www.cnn.com/2022/12/05/entertainment/gabourey-sidibe-married-brandon-frankel/index.html,"Mon, 05 Dec 2022 21:53:05 GMT",CNN,Gabourey Sidibe reveals she's been secretly married for over a year,It turns out that Gabourey Sidibe has been even busier than previously thought since the beginning of the pandemic.
https://www.cnn.com/2022/12/05/entertainment/harry-meghan-netflix-date/index.html,"Mon, 05 Dec 2022 14:13:14 GMT",CNN,'Harry & Meghan' series gets release date and new trailer,The Duke and Duchess of Sussex have an early Christmas gift for their supporters.
https://www.cnn.com/2022/12/05/entertainment/jill-scott-tour-music/index.html,"Mon, 05 Dec 2022 18:20:24 GMT",CNN,Jill Scott announces 'Who is Jill Scott? Words & Sounds Vol. 1' 23rd anniversary tour,"After a 20th-anniversary tour of Jill Scott's chart-topping album, ""Who Is Jill Scott?: Words and Sounds Vol I"" was forced to end prematurely due to the pandemic, it will resume."
https://www.cnn.com/2022/12/05/entertainment/adam-sandler-chris-farley-song-snl/index.html,"Mon, 05 Dec 2022 15:04:40 GMT",CNN,Adam Sandler still gets emotional singing sweet Chris Farley song,Adam Sandler will always Chris Farley.
https://www.cnn.com/2022/12/05/entertainment/neil-diamond-sweet-caroline-broadway-sing/index.html,"Tue, 06 Dec 2022 13:41:03 GMT",CNN,Neil Diamond surprises audience with 'Sweet Caroline' performance at Broadway opening of 'A Beautiful Noise',"Neil Diamond sang ""Sweet Caroline"" at the Broadway opening of his musical"" A Beautiful Noise,"" five years after retiring due to his Parkinson's diagnosis."
https://www.cnn.com/2022/12/04/entertainment/george-clooney-star-social-media/index.html,"Sun, 04 Dec 2022 23:42:59 GMT",CNN,George Clooney has a simple strategy for being a star in the age of social media,George Clooney has a surefire way for staying out of trouble as a public figure in the age of social media: stay off of it.
https://www.cnn.com/2022/12/04/entertainment/ben-affleck-netflix-assembly-line/index.html,"Mon, 05 Dec 2022 02:21:54 GMT",CNN,Ben Affleck says Netflix's 'assembly line' approach to making quality films is 'an impossible job',"Ben Affleck is sounding off on how movies are being made in today's age of Netflix and other streaming platforms, which offer an ever-expanding glut of content."
https://www.cnn.com/2022/12/04/entertainment/keke-palmer-baby-bump-snl-monologue/index.html,"Sun, 04 Dec 2022 18:33:52 GMT",CNN,Keke Palmer reveals baby bump as part of her 'Saturday Night Live' opening monologue,"Some people like singing their good news from the rooftops, but in Keke Palmer's case, it was done on live television in front of millions of viewers."
https://www.cnn.com/2022/12/01/entertainment/christine-mcvie-music/index.html,"Thu, 01 Dec 2022 19:08:38 GMT",CNN,Christine McVie's music: 5 songs to listen to in her honor,There's a reason why Christine McVie was considered the heart of Fleetwood Mac.
https://www.cnn.com/2022/12/05/entertainment/axl-rose-microphone/index.html,"Mon, 05 Dec 2022 14:15:44 GMT",CNN,Axl Rose will stop tossing mic after a fan was reportedly injured,Axl Rose is ending a 30-year Guns N' Roses tradition.
https://www.cnn.com/2022/12/01/entertainment/indiana-jones-dial-of-destiny-teaser-trailer/index.html,"Fri, 02 Dec 2022 03:04:00 GMT",CNN,Harrison Ford cracks the whip in teaser trailer for 'Indiana Jones and the Dial of Destiny',"It's a name so iconic, he comes with his own theme song, and boy, is it a sweet sound."
https://www.cnn.com/2022/11/30/entertainment/willow-review/index.html,"Wed, 30 Nov 2022 17:23:24 GMT",CNN,'Willow' revives the Lucasfilm fantasy with a more contemporary streaming adventure,"Disney's press materials refer to the original 1988 movie ""Willow"" as ""beloved,"" which despite its admirers feels like nostalgic inflation of a pretty generic George Lucas-plotted fantasy that provided an early directing showcase for Ron Howard. Setting that aside, a Disney+ revival series isn't without its charms, in a more contemporary narrative that brings back Warwick Davis while focusing on the next generation."
https://www.cnn.com/2022/12/01/entertainment/love-actually-richard-curtis-diversity-scli-intl/index.html,"Thu, 01 Dec 2022 14:24:40 GMT",CNN,'Love Actually' director feels 'a bit stupid' about movie's lack of diversity,"Every year, as the days grow colder and Christmas draws nearer, ""Love Actually"" quickly becomes a festive favorite on people's television screens."
https://www.cnn.com/2022/11/30/entertainment/joe-pesci-burns-home-alone-2/index.html,"Thu, 01 Dec 2022 01:02:12 GMT",CNN,Joe Pesci says playing Harry in the 'Home Alone' films came with some 'serious' pain,"They say artists have to be willing to do anything for their art, and for Joe Pesci, that includes setting his head on fire."
https://www.cnn.com/2022/12/01/entertainment/stevie-nicks-christine-mcvie-friendship-cec/index.html,"Thu, 01 Dec 2022 17:54:53 GMT",CNN,Inside Christine McVie's and Stevie Nicks' decades-long friendship,"Throughout the various personal turmoils for which the members of Fleetwood Mac are known, one relationship buoyed the band for decades: the friendship between its two frontwomen, Christine McVie and Stevie Nicks."
https://www.cnn.com/2022/11/29/entertainment/will-smith-daily-show/index.html,"Tue, 29 Nov 2022 17:02:36 GMT",CNN,"Will Smith, opening up about Oscars slap, tells Trevor Noah 'hurt people hurt people'","Will Smith opened up to Trevor Noah about the now-famous slap at the Oscars in March during an appearance that aired Monday night on ""The Daily Show."""
https://www.cnn.com/2022/11/30/entertainment/super-mario-bros-movie-trailer-two/index.html,"Wed, 30 Nov 2022 17:10:09 GMT",CNN,'Super Mario Bros. Movie' trailer shows being a hero isn't all fun and games,"Mario learns that being a hero is a tough gig in the new trailer for ""Super Mario Bros. Movie."""
https://www.cnn.com/2022/11/29/entertainment/the-phantom-of-the-opera-broadway-longer-extension/index.html,"Tue, 29 Nov 2022 18:40:18 GMT",CNN,'The Phantom of the Opera' extends Broadway run for eight weeks due to high demand,The music of the night will continue for eight weeks longer than expected.
https://www.cnn.com/2022/11/29/entertainment/kim-kardashian-kanye-west-divorce/index.html,"Wed, 30 Nov 2022 15:56:36 GMT",CNN,Kim Kardashian and Kanye West reach divorce settlement,"Kim Kardashian and Kanye West have come to a divorce agreement, a source with knowledge of the negotiations tells CNN."
https://www.cnn.com/2022/11/23/entertainment/marsai-martin-omari-hardwick-fantasy-football/index.html,"Wed, 23 Nov 2022 14:10:45 GMT",CNN,Marsai Martin and Omari Harwick play to win in 'Fantasy Football',"The new film ""Fantasy Football"" capitalizes on some of its stars natural talent."
https://www.cnn.com/2022/11/22/entertainment/wednesday-review/index.html,"Tue, 22 Nov 2022 14:45:05 GMT",CNN,"In 'Wednesday,' Jenna Ortega makes Netflix's Addams Family series look like a snap","Although the main character's name was inspired by the poetic line ""Wednesday's child is full of woe,"" ""Wednesday"" is generally a delight, thanks almost entirely to Jenna Ortega. Having outgrown her Disney Channel days, Ortega makes the Addams Family's now-high-school-age daughter the coolest humorless goth sociopath you'll ever meet, in a Netflix series that's more kooky than spooky or ooky."
https://www.cnn.com/2022/11/23/entertainment/glass-onion-a-knives-out-mystery-review/index.html,"Wed, 23 Nov 2022 14:00:36 GMT",CNN,'Glass Onion' sharpens the 'Knives Out' formula in a polished Netflix sequel,"Rising to the challenge of matching its successful predecessor, ""Glass Onion: A Knives Out Mystery"" maintains the razor-sharp formula, with a setup that feels even more conspicuously like an Agatha Christie homage before an extremely clever series of twists kick in. Writer-director Rian Johnson again assembles a solid cast behind Daniel Craig, but it's his use of language -- where nary a word is wasted -- that finally gives the sequel its edge."
https://www.cnn.com/2022/11/22/entertainment/love-actually-20th-anniversary-abc-special/index.html,"Wed, 23 Nov 2022 23:02:35 GMT",CNN,'Love Actually' cast to reunite for 20th anniversary TV special,"One of the most beloved modern Christmas classics is turning 20 next year, and to mark the occasion, cast members from the landmark 2003 romantic comedy ""Love Actually"" are reuniting for a TV special to air on ABC next week, the network announced Tuesday."
https://www.cnn.com/2022/11/22/entertainment/james-cameron-leonardo-dicaprio-kate-winslet-titanic/index.html,"Wed, 23 Nov 2022 15:24:00 GMT",CNN,James Cameron almost didn't choose Leonardo DiCaprio or Kate Winslet to star in 'Titanic',"James Cameron is sharing some surprising details from the making of his blockbuster hit ""Titanic,"" which celebrates 25 years of being released next month."
https://www.cnn.com/travel/article/ritz-carlton-superyacht-sets-sail/index.html,"Fri, 21 Oct 2022 13:33:23 GMT",CNN,"Ritz-Carlton's $6,400-a-week luxury superyacht cruise has finally set sail","Ritz-Carlton's highly-anticipated superyacht cruise has finally made its debut, three and a half years after its maiden voyage was originally scheduled to begin."
https://www.cnn.com/travel/article/limone-sul-garda-italy-elixir-wellness/index.html,"Thu, 20 Oct 2022 11:13:44 GMT",CNN,The Italian village with the 'elixir' of healthy life,"It's a place of terraced lemon groves, a paradoxically warm mountain breeze, and a powerful fat-killing gene carried by a few lucky residents."
https://www.cnn.com/travel/article/virgin-orbit-boeing-747-newquay-scn/index.html,"Thu, 20 Oct 2022 08:43:21 GMT",CNN,Virgin Boeing 747 to launch rocket into space,"At the far southwestern tip of England, dangling into the Atlantic, the remote region of Cornwall rarely feels like the center of the world."
https://www.cnn.com/travel/article/famous-missing-shipwrecks-cmd/index.html,"Wed, 19 Oct 2022 11:00:38 GMT",CNN,The hunt for the world's most elusive shipwrecks,"In March 2022, the world let out a collective gasp when the remarkably preserved shipwreck of Ernest Shackleton's HMS Endurance was discovered almost two miles beneath the icy Antarctic seas."
https://www.cnn.com/travel/article/man-builds-plane-garden/index.html,"Sat, 22 Oct 2022 16:53:25 GMT",CNN,This man built a plane for his family in his garden,It wasn't until he moved near to an airfield in the UK over a decade ago that mechanical engineer Ashok Aliseril Thamarakshan began to seriously consider learning to fly a plane.
https://www.cnn.com/travel/article/geoffrey-wu-hong-kong-toughest-tables/index.html,"Tue, 18 Oct 2022 02:38:27 GMT",CNN,Secrets from the world's toughest dining scene,"Hong Kong is widely considered one of the most challenging cities in the world to operate a restaurant -- a roiling cauldron of changing tastes, cleaver-sharp competition and unsavory economics."
https://www.cnn.com/travel/article/chance-encounters-benin-republic-romance/index.html,"Mon, 17 Oct 2022 10:06:35 GMT",CNN,She asked a stranger for directions on vacation. Two weeks later they were engaged,"Rachel Décoste landed in West Africa's Republic of Benin in August 2018, anticipating an important journey of self-discovery, but not predicting the extent to which the trip would change her life."
https://www.cnn.com/travel/article/sardinia-spirit-filu-e-ferru/index.html,"Fri, 14 Oct 2022 10:36:31 GMT",CNN,The Italian town with a boozy secret,"It's super strong, fennel-flavored, as transparent as water -- and in many households across Sardinia it's still produced illegally."
https://www.cnn.com/travel/article/cappadocia-turkey-hiking/index.html,"Fri, 14 Oct 2022 12:45:03 GMT",CNN,Cappadocia: One of Turkey's most spectacular hiking destinations,"A rich palette of shimmering caramel swirls, ochers, creams and pinks unfolds across the landscape like an enormous handwoven carpet. Stands of poplars line paths carved by ancient lava flows from three now extinct volcanoes, crisscrossing valleys studded with conical peribacı."
https://www.cnn.com/2022/10/14/europe/michelangelo-david-florence-accademia-lighting/index.html,"Fri, 14 Oct 2022 15:53:30 GMT",CNN,This Italian icon looks like you've never seen it before,"For over 500 years, Michelangelo's sculpture of David in Florence has stood unchanged, the marble icon of masculinity, and one of the world's most famous works of art."
https://www.cnn.com/travel/article/lisbon-portugal-cool-quest-world-of-wonder/index.html,"Thu, 13 Oct 2022 12:39:34 GMT",CNN,The European capital of cool that keeps getting cooler,"Lisbon is in the midst of a renaissance. The latest European capital of cool's affordable rents, great nightlife and gorgeous streets -- which wind high into the hills from the River Tagus -- have seen younger travelers arrive in their droves in recent years, enjoying extended stays thanks to dedicated ""digital nomad"" visas."
https://www.cnn.com/travel/article/best-chinese-food-dishes-to-try-cmd/index.html,"Thu, 08 Feb 2024 15:21:06 GMT",CNN,Best Chinese food: 32 dishes every traveler should try,"With one of the world's most diverse food scenes, China makes it nearly impossible to put together one single list that truly encompasses the ""best"" Chinese dishes."
https://www.cnn.com/travel/article/ghostbusters-firehouse-rental-vacasa-trnd/index.html,"Wed, 12 Oct 2022 17:05:40 GMT",CNN,Are you brave enough to sleep in the 'Ghostbusters' firehouse this Halloween?,There's something strange going on in this Oregon neighborhood.
https://www.cnn.com/travel/article/time-out-worlds-coolest-neighborhoods-2022/index.html,"Tue, 11 Oct 2022 04:01:45 GMT",CNN,Time Out picks the 'world's coolest' neighborhood for 2022,"The top 10 includes the nightlife haven of Cais do Sodré in Lisbon and New York City's beloved Ridgewood, but which neighborhood took the top spot in Time Out's round-up?"
https://www.cnn.com/videos/travel/2022/10/10/new-mexico-chile-green-red-orig.cnn,"Tue, 11 Oct 2022 11:01:11 GMT",CNN,"Chiles are so important to this state, they made a law about them","For New Mexicans, chile isn't just a food, it's a way of life. Chiles are so important, New Mexico is only state to have an ""official"" question, ""Red or green?"""
https://www.cnn.com/travel/article/stanley-tucci-searching-for-italy-restaurants-season-2/index.html,"Mon, 31 Oct 2022 18:30:55 GMT",CNN,All the restaurants Stanley Tucci visited in season two of 'Searching for Italy',"After watching the wanderlust-inducing ""Stanley Tucci: Searching for Italy,"" you'll undoubtedly be hungry."
https://www.cnn.com/travel/article/tusheti-georgia-remote-region-europe-edge/index.html,"Tue, 11 Oct 2022 16:51:03 GMT",CNN,Animal sacrifices and pagan worship on the edge of Europe,"An untouched and remote region in northeastern Georgia, Tusheti is a wild trekking paradise of mountains and ancient villages where pagan rites are still observed alongside Christian beliefs."
https://www.cnn.com/travel/article/hong-kong-snake-safari-intl-hnk/index.html,"Mon, 10 Oct 2022 03:26:18 GMT",CNN,Bamboo vipers and many-banded kraits: Experiencing Hong Kong's snake safari,"A fraction of a second after William Sargent's torch light catches the unmistakable glint of snake skin he roars into action, sliding on a protective glove and launching himself into the dense green jungle of northern Hong Kong."
https://www.cnn.com/travel/article/kusama-naoshima-yellow-pumpkin-returns-intl-hnk/index.html,"Mon, 17 Oct 2022 05:47:30 GMT",CNN,"Yayoi Kusama's yellow pumpkin sculpture is back on Naoshima Island, Japan",Japanese artist Yayoi Kusama's famous yellow pumpkin sculpture was reinstalled on October 4th on Naoshima island after it was swept into the sea and badly damaged during a typhoon last summer.
https://www.cnn.com/videos/travel/2022/10/11/giant-cheeto-sculpture-moos-orig-bdk.cnn,"Tue, 11 Oct 2022 17:52:50 GMT",CNN,Giant roadside Cheeto attracts a crowd,A giant Cheeto with massive fingers coated in orange dust becomes a roadside attraction. CNN's Jeanne Moos eats her way through the story.
https://www.cnn.com/travel/article/hong-kong-is-giving-away-airline-tickets/index.html,"Fri, 07 Oct 2022 02:51:04 GMT",CNN,"Hong Kong offers 500,000 free air tickets to tempt tourists back","Hong Kong attracted around 56 million visitors a year before the pandemic, and now the popular destination is taking significant steps to win tourists back after over two years of some of the world's toughest travel restrictions."
https://www.cnn.com/travel/article/asia-pacific-losing-title-worlds-largest-travel-region/index.html,"Thu, 06 Oct 2022 11:37:53 GMT",CNN,Asia Pacific set to lose title as the world's largest travel region,"Asia Pacific is home to some of the world's most beloved travel destinations, from the natural beauty of Bali to the urban buzz of Singapore. These dreamy vacation hotspots -- teamed with the region's business power -- secured Asia Pacific the title of world's largest travel region for much of the past decade."
https://www.cnn.com/travel/article/world-best-bars-2022/index.html,"Wed, 05 Oct 2022 14:59:51 GMT",CNN,The world's best bars for 2022 have been revealed,"Move over London. Step aside New York. There's a new cosmopolitan cocktail capital: Barcelona is home to Paradiso, the newly crowned world's best bar."
https://www.cnn.com/travel/article/sleep-tourism-wellness/index.html,"Wed, 05 Oct 2022 12:57:41 GMT",CNN,The rise of sleep tourism,Going on a vacation might seem like a rather unconventional way to try to improve your sleep habits.
https://www.cnn.com/travel/article/izmir-turkey-cool/index.html,"Tue, 04 Oct 2022 11:10:43 GMT",CNN,The secrets of Turkey's historic capital of cool,"At first glance Izmir looks very much like any other modern Turkish metropolis, densely populated with unimposing architecture."
https://www.cnn.com/travel/article/faa-new-rule-flight-attendants-more-rest/index.html,"Tue, 04 Oct 2022 14:17:39 GMT",CNN,FAA to announce rule allowing more rest for flight attendants,"Federal aviation officials plan to announce Tuesday that flight attendants will soon get more mandated rest time between flights, two sources familiar with the announcement tell CNN."
https://www.cnn.com/travel/article/busan-ami-dong-south-korea-tombstone-intl-hnk/index.html,"Tue, 04 Oct 2022 01:35:37 GMT",CNN,The 'tombstone village' built by Korean refugees on a Japanese cemetery,"At first glance, Ami-dong seems like an ordinary village within the South Korean city of Busan, with colorful houses and narrow alleys set against looming mountains."
https://www.cnn.com/travel/article/german-food/index.html,"Mon, 08 Jan 2024 17:25:41 GMT",CNN,20 best German foods,"German food is rich, hearty and diverse. It's comfort eating with high-quality, often locally sourced ingredients."
https://www.cnn.com/travel/article/hong-kong-tourism-recovery-intl-hnk/index.html,"Fri, 07 Oct 2022 16:53:35 GMT",CNN,Hong Kong is opening up to tourism -- but is it too late?,"The city hopes the move will revive its status as an international business and travel hub, but the locals said the change may be too late."
https://www.cnn.com/travel/article/superyacht-monaco-yacht-show-2022/index.html,"Mon, 03 Oct 2022 08:53:44 GMT",CNN,"Amid global crises, superyachts are selling more than ever. Here's why","The specter of global conflict lurks on the horizon. Energy prices are putting the squeeze on millions. Covid lingers. But at the yachting world's most glamorous event, it's business as usual."
https://www.cnn.com/2023/01/12/sport/dana-white-ufc-domestic-violence-spt-intl/index.html,"Thu, 12 Jan 2023 18:01:53 GMT",CNN,UFC president Dana White does not expect punishment for domestic violence incident,Ultimate Fighting Championship (UFC) president Dana White said he does not expect punishment after a video emerged of him in a physical altercation with his wife earlier this month. White made the comments Wednesday at a media day for UFC Fight Night 217.
https://www.cnn.com/2023/01/12/football/lionel-messi-psg-world-cup-return-spt-intl/index.html,"Thu, 12 Jan 2023 08:51:54 GMT",CNN,Lionel Messi scores for Paris Saint-Germain in first game back since World Cup triumph,Lionel Messi celebrated his return to Paris Saint-Germain with a goal in his first game back since lifting the World Cup.
https://www.cnn.com/2023/01/12/golf/tiger-woods-zach-johnson-ryder-cup-intl-spt/index.html,"Thu, 12 Jan 2023 16:53:03 GMT",CNN,Zach Johnson isn't discounting Tiger Woods for the Ryder Cup,"Tiger Woods could form part of the US Ryder Cup team -- or at least, Zach Johnson isn't ruling it out."
https://www.cnn.com/2023/01/12/tennis/australian-open-draw-nadal-djokovic-swiatek-spt-intl/index.html,"Thu, 12 Jan 2023 11:22:31 GMT",CNN,Australian Open draw: Rafael Nadal begins title defense with tough test in opening round,Defending champion Rafael Nadal will face English youngster Jack Draper in the opening round of the Australian Open in a bid to retain his 2022 crown and extend his grand slam tally.
https://www.cnn.com/2023/01/12/sport/boston-celtics-30-wins-pelicans-nba-spt-intl/index.html,"Thu, 12 Jan 2023 10:47:18 GMT",CNN,The Boston Celtics become the first team to hit 30 wins this season with victory over the New Orleans Pelicans,"The Boston Celtics became the first team in the NBA this season to reach 30 wins after beating the New Orleans Pelicans 125-114 at TD Garden in Boston on Wednesday night, largely behind a combined 72 points from the team's stars, Jayson Tatum and Jaylen Brown."
https://www.cnn.com/2023/01/12/sport/australia-afghanistan-cricket-taliban-intl-hnk-spt/index.html,"Thu, 12 Jan 2023 16:28:12 GMT",CNN,Australia pulls out of Afghanistan cricket series over Taliban's restrictions on women,"Australia's men's cricket team has withdrawn from a series of upcoming matches against Afghanistan in protest over the ruling Taliban's restrictions on women and girls' education and employment, Cricket Australia (CA) said in a statement Thursday."
https://www.cnn.com/2023/01/11/sport/damar-hamlin-buffalo-bills-hospital-release-spt/index.html,"Wed, 11 Jan 2023 18:37:03 GMT",CNN,Damar Hamlin has been released after spending more than a week hospitalized due to a cardiac arrest,"Damar Hamlin has been released after being hospitalized for more than a week due to a cardiac arrest he suffered during a ""Monday Night Football"" game earlier this month, the Buffalo Bills tweeted Wednesday."
https://www.cnn.com/2022/12/31/football/pele-new-york-cosmos-north-america-revolution-spt-intl/index.html,"Sat, 31 Dec 2022 10:55:43 GMT",CNN,Pelé's final hurrah at New York Cosmos helped spark 'sporting revolution',"He'd won three World Cups, scored goals galore and become a global icon, but Pelé wasn't quite done yet, so off he went to the US and helped transform the sport of soccer in North America."
https://www.cnn.com/2022/12/30/football/what-made-pele-great-spt-intl/index.html,"Fri, 30 Dec 2022 10:33:38 GMT",CNN,What made Pelé so great,Born into poverty -- he used to kick a grapefruit around Brazil's Minas Gerais state -- Pelé finished his career as arguably soccer's greatest ever player.
https://www.cnn.com/2022/12/29/football/gallery/pele-life-in-pictures/index.html,"Sun, 16 Apr 2023 20:39:48 GMT",CNN,Pelé's life in pictures,"By Kyle Almond and Will Lanzoni, CNN"
https://www.cnn.com/2023/01/12/sport/iranian-chess-referee-shohreh-bayat-russia-spt-intl/index.html,"Thu, 12 Jan 2023 09:35:28 GMT",CNN,Iranian chess referee fears ostracism over her activism,"Three years after fleeing Iran, chess referee Shohreh Bayat fears being further ostracized after challenging the game's governing body and its president, Russia's former deputy prime minister, over her choice of clothing at a tournament in October."
https://www.cnn.com/2023/01/10/sport/nfl-lovie-smith-diversity/index.html,"Wed, 11 Jan 2023 11:46:19 GMT",CNN,NFL coach controversy: 'It's not about race. It's about finding quality coaches',"When Lovie Smith was hired by the Houston Texans in February 2022 as the team's new head coach, he said the NFL had ""a problem"" with hiring Black coaches and diversity."
https://www.cnn.com/2023/01/10/sport/maiden-sailing-tracy-edwards-spt-intl/index.html,"Tue, 10 Jan 2023 14:29:08 GMT",CNN,Racing yacht just keeps on giving in extraordinary ways,"More than three decades since its pioneering, round-the-world voyage, the Maiden racing yacht is again sailing the high seas -- and changing the lives of young women in the process."
https://www.cnn.com/2023/01/10/golf/st-andrews-ladies-putting-club-spt-spc-intl/index.html,"Tue, 10 Jan 2023 10:17:29 GMT",CNN,"From feminist pioneers to putting pros, the historic journey of the world's oldest ladies golf club",Who would you back to sink a putt to save your life? Tiger Woods? Jack Nicklaus? Ben Crenshaw?
https://www.cnn.com/2023/01/09/golf/jon-rahm-comeback-pga-tours-tournament-of-champions-hawaii-spt-intl/index.html,"Mon, 09 Jan 2023 12:23:12 GMT",CNN,Jon Rahm produces stunning comeback to win Tournament of Champions in Hawaii,Spanish golfer Jon Rahm won his third PGA Tour title in six starts with a stunning comeback to overturn a seven-shot deficit at the Tournament of Champions in Hawaii.
https://www.cnn.com/2023/01/02/us/scott-stallings-masters-invitation-mix-up/index.html,"Tue, 03 Jan 2023 09:14:05 GMT",CNN,Georgia realtor receives invitation to play the Masters by mistake,Scott Stallings arrived at his condo on Georgia's Saint Simons Island to find a package holding the most prestigious letter in golf.
https://www.cnn.com/2023/01/11/football/joao-felix-atletico-madrid-chelsea-spt-intl/index.html,"Wed, 11 Jan 2023 14:52:32 GMT",CNN,Atlético Madrid forward João Félix joins Chelsea on loan until end of season,
https://www.cnn.com/2023/01/06/football/ronaldo-saudi-soccer-sport-mime-intl/index.html,"Fri, 06 Jan 2023 12:32:00 GMT",CNN,Why Cristiano Ronaldo's move to Saudi Arabia means so much for the Gulf monarchy's sporting ambitions,"It's a partnership that's been hailed as ""history in the making."""
https://www.cnn.com/2023/01/11/football/dani-alves-catalonia-higher-court-of-justice-spt-intl/index.html,"Wed, 11 Jan 2023 10:03:10 GMT",CNN,Brazilian soccer star under investigation for alleged sexual assault,
https://www.cnn.com/2023/01/11/tennis/naomi-osaka-pregnancy-tennis-spt-intl/index.html,"Wed, 11 Jan 2023 18:24:34 GMT",CNN,Tennis star Naomi Osaka announces she is pregnant,
