News_Title,Actual_Category,Predicted_Category,Confidence_Score,Is_Correct
"[2251, 99, 1217, 2224, 1, 1, 119, 2252, 1373, 1340, 1209, 25, 68, 2253, 1, 100, 336, 49, 2254, 1753]",Politics,Technology,0.7621178,False
"[2542, 3097, 157, 1, 1, 859, 54, 3090, 3091, 3092, 1614, 1988, 156, 633, 820, 3098, 0, 0, 0, 0]",Business & Markets,Business & Markets,0.9917173,True
"[1570, 2794, 397, 536, 4098, 4623, 4624, 16, 275, 197, 4625, 9, 4626, 4627, 0, 0, 0, 0, 0, 0]",Business & Markets,Business & Markets,0.9462559,True
"[611, 68, 2127, 267, 996, 1323, 552, 201, 2130, 96, 1091, 2131, 0, 0, 0, 0, 0, 0, 0, 0]",Business & Markets,Technology,0.9942193,False
"[4647, 2986, 2485, 468, 1039, 2666, 9, 680, 821, 3893, 0, 0, 0, 0, 0, 0, 0, 0, 0, 0]",Politics,Politics,0.7959484,True
"[1430, 75, 156, 2016, 157, 1, 1921, 643, 1712, 287, 170, 0, 0, 0, 0, 0, 0, 0, 0, 0]",Business & Markets,Business & Markets,0.98928624,True
"[28, 1837, 1507, 96, 4479, 25, 4480, 4481, 2365, 4409, 383, 100, 617, 0, 0, 0, 0, 0, 0, 0]",Technology,Technology,0.8563031,True
"[48, 3320, 328, 1, 997, 191, 306, 1850, 100, 629, 0, 0, 0, 0, 0, 0, 0, 0, 0, 0]",Business & Markets,Business & Markets,0.89588696,True
"[1191, 3, 75, 443, 1807, 735, 2688, 444, 590, 0, 0, 0, 0, 0, 0, 0, 0, 0, 0, 0]",Business & Markets,Business & Markets,0.99543566,True
"[209, 1832, 285, 321, 322, 314, 1, 543, 2285, 0, 0, 0, 0, 0, 0, 0, 0, 0, 0, 0]",Politics,Politics,0.9682132,True
"[1997, 689, 1971, 536, 334, 76, 156, 100, 28, 153, 154, 96, 557, 2023, 1612, 1613, 514, 149, 0, 0]",Business & Markets,Business & Markets,0.99975127,True
"[1, 1531, 2037, 3483, 1, 247, 4190, 4191, 0, 0, 0, 0, 0, 0, 0, 0, 0, 0, 0, 0]",Business & Markets,Technology,0.65365875,False
"[287, 9, 1186, 1414, 156, 67, 2220, 191, 457, 1592, 743, 744, 643, 939, 0, 0, 0, 0, 0, 0]",Business & Markets,Business & Markets,0.99425596,True
"[4981, 934, 2736, 25, 4984, 5022, 4982, 4983, 2073, 96, 4033, 383, 0, 0, 0, 0, 0, 0, 0, 0]",Business & Markets,Health,0.6709418,False
"[1, 3672, 898, 1, 1, 157, 3490, 1, 1812, 16, 1654, 0, 0, 0, 0, 0, 0, 0, 0, 0]",Business & Markets,Business & Markets,0.67364335,True
"[1, 287, 687, 1671, 1306, 136, 1484, 1, 456, 2476, 0, 0, 0, 0, 0, 0, 0, 0, 0, 0]",Business & Markets,Business & Markets,0.9849686,True
"[1, 16, 28, 1, 1884, 1885, 1886, 1023, 1209, 16, 190, 100, 1266, 1887, 0, 0, 0, 0, 0, 0]",Politics,Health,0.7595176,False
"[916, 699, 1287, 1, 16, 3141, 323, 25, 551, 3450, 286, 499, 3794, 0, 0, 0, 0, 0, 0, 0]",Energy,Business & Markets,0.8257494,False
"[816, 817, 818, 819, 401, 820, 694, 100, 68, 821, 822, 59, 0, 0, 0, 0, 0, 0, 0, 0]",Technology,Technology,0.9206521,True
"[1813, 3684, 1, 3167, 3685, 0, 0, 0, 0, 0, 0, 0, 0, 0, 0, 0, 0, 0, 0, 0]",Business & Markets,Business & Markets,0.96410275,True
"[2177, 2049, 1607, 1708, 331, 1735, 2178, 0, 0, 0, 0, 0, 0, 0, 0, 0, 0, 0, 0, 0]",Business & Markets,Politics,0.52319884,False
"[1286, 174, 1799, 1800, 687, 197, 4035, 4302, 630, 1741, 0, 0, 0, 0, 0, 0, 0, 0, 0, 0]",Business & Markets,Technology,0.9413033,False
"[621, 579, 364, 903, 16, 214, 0, 0, 0, 0, 0, 0, 0, 0, 0, 0, 0, 0, 0, 0]",Energy,Business & Markets,0.963995,False
"[3127, 441, 3487, 78, 1, 25, 1, 1, 70, 0, 0, 0, 0, 0, 0, 0, 0, 0, 0, 0]",Business & Markets,Business & Markets,0.98415816,True
"[1658, 204, 3226, 1334, 3227, 28, 26, 1658, 3228, 0, 0, 0, 0, 0, 0, 0, 0, 0, 0, 0]",Business & Markets,Business & Markets,0.98619604,True
"[942, 903, 943, 153, 154, 149, 812, 295, 100, 944, 945, 820, 149, 300, 510, 390, 946, 0, 0, 0]",Business & Markets,Business & Markets,0.99832433,True
"[1237, 1280, 795, 796, 0, 0, 0, 0, 0, 0, 0, 0, 0, 0, 0, 0, 0, 0, 0, 0]",Business & Markets,Business & Markets,0.9847285,True
"[65, 583, 2594, 3039, 1, 55, 197, 7, 3040, 1, 170, 1, 804, 0, 0, 0, 0, 0, 0, 0]",Business & Markets,Business & Markets,0.9845228,True
"[621, 1, 1829, 624, 3979, 3980, 0, 0, 0, 0, 0, 0, 0, 0, 0, 0, 0, 0, 0, 0]",Business & Markets,Business & Markets,0.9678333,True
"[1350, 314, 1022, 1351, 1352, 1353, 157, 209, 43, 96, 28, 1204, 1354, 70, 81, 104, 1355, 60, 61, 0]",Business & Markets,Business & Markets,0.99834895,True
"[3259, 897, 737, 1415, 0, 0, 0, 0, 0, 0, 0, 0, 0, 0, 0, 0, 0, 0, 0, 0]",Business & Markets,Business & Markets,0.94897366,True
"[1836, 3013, 1164, 100, 84, 13, 4719, 2243, 787, 209, 1735, 3474, 3782, 2590, 157, 762, 1099, 1, 0, 0]",Business & Markets,Business & Markets,0.8293769,True
"[1, 1, 1, 53, 1080, 1081, 1082, 1083, 16, 1, 0, 0, 0, 0, 0, 0, 0, 0, 0, 0]",Politics,Politics,0.469245,True
"[1, 3843, 25, 152, 153, 154, 149, 76, 157, 944, 44, 2269, 149, 0, 0, 0, 0, 0, 0, 0]",Business & Markets,Business & Markets,0.9972596,True
"[28, 1684, 1685, 587, 3333, 432, 68, 96, 1, 25, 1078, 2307, 197, 162, 267, 0, 0, 0, 0, 0]",Politics,Technology,0.978143,False
"[252, 1756, 1595, 157, 43, 0, 0, 0, 0, 0, 0, 0, 0, 0, 0, 0, 0, 0, 0, 0]",Business & Markets,Business & Markets,0.9698299,True
"[4225, 1, 633, 373, 1, 25, 3878, 796, 0, 0, 0, 0, 0, 0, 0, 0, 0, 0, 0, 0]",Politics,Business & Markets,0.6312986,False
"[345, 1586, 3672, 689, 334, 153, 154, 149, 156, 0, 0, 0, 0, 0, 0, 0, 0, 0, 0, 0]",Business & Markets,Business & Markets,0.99721426,True
"[1113, 3405, 3402, 3336, 197, 28, 3160, 3397, 822, 96, 3312, 319, 4560, 3102, 0, 0, 0, 0, 0, 0]",Technology,Technology,0.98381734,True
"[1, 1, 1, 443, 1, 694, 654, 0, 0, 0, 0, 0, 0, 0, 0, 0, 0, 0, 0, 0]",Business & Markets,Business & Markets,0.9286385,True
"[2654, 4601, 92, 148, 14, 9, 1599, 1228, 197, 4602, 267, 3255, 99, 0, 0, 0, 0, 0, 0, 0]",Business & Markets,Business & Markets,0.4353834,True
"[4056, 759, 3064, 444, 1023, 3540, 314, 5104, 252, 1722, 0, 0, 0, 0, 0, 0, 0, 0, 0, 0]",Business & Markets,Business & Markets,0.8977637,True
"[3553, 3554, 2571, 1209, 526, 16, 209, 0, 0, 0, 0, 0, 0, 0, 0, 0, 0, 0, 0, 0]",Business & Markets,Business & Markets,0.5266615,True
"[621, 2894, 1199, 4644, 1, 762, 743, 1968, 0, 0, 0, 0, 0, 0, 0, 0, 0, 0, 0, 0]",Business & Markets,Business & Markets,0.9753042,True
"[1, 404, 75, 765, 1972, 1, 0, 0, 0, 0, 0, 0, 0, 0, 0, 0, 0, 0, 0, 0]",Business & Markets,Business & Markets,0.9869779,True
"[602, 25, 591, 300, 28, 603, 604, 605, 606, 607, 0, 0, 0, 0, 0, 0, 0, 0, 0, 0]",Business & Markets,Business & Markets,0.8699664,True
"[621, 923, 1953, 1954, 3357, 53, 624, 1956, 1957, 3357, 53, 624, 0, 0, 0, 0, 0, 0, 0, 0]",Business & Markets,Business & Markets,0.9968624,True
"[209, 96, 1658, 1679, 1273, 4807, 919, 1242, 314, 432, 3664, 919, 1, 0, 0, 0, 0, 0, 0, 0]",Business & Markets,Business & Markets,0.7317601,True
"[4173, 326, 1504, 636, 579, 4174, 457, 16, 4175, 0, 0, 0, 0, 0, 0, 0, 0, 0, 0, 0]",Business & Markets,Business & Markets,0.9431149,True
"[3229, 4059, 2242, 97, 1271, 1105, 331, 775, 3549, 1627, 25, 912, 1, 16, 218, 2940, 100, 4732, 1, 4546]",Business & Markets,Health,0.52226365,False
"[2589, 727, 16, 1686, 158, 100, 362, 25, 1464, 218, 2799, 167, 168, 0, 0, 0, 0, 0, 0, 0]",Business & Markets,Business & Markets,0.9212639,True
"[1, 326, 4327, 2775, 3363, 0, 0, 0, 0, 0, 0, 0, 0, 0, 0, 0, 0, 0, 0, 0]",Business & Markets,Business & Markets,0.9748263,True
"[1677, 287, 917, 25, 1472, 157, 44, 928, 25, 4442, 1873, 1307, 1072, 4249, 702, 9, 441, 0, 0, 0]",Business & Markets,Business & Markets,0.9751706,True
"[1, 25, 811, 908, 961, 295, 962, 963, 1, 76, 964, 0, 0, 0, 0, 0, 0, 0, 0, 0]",Business & Markets,Business & Markets,0.9674202,True
"[4767, 2971, 620, 100, 3779, 428, 0, 0, 0, 0, 0, 0, 0, 0, 0, 0, 0, 0, 0, 0]",Business & Markets,Business & Markets,0.97920805,True
"[623, 2033, 25, 1741, 3551, 469, 929, 2446, 2007, 0, 0, 0, 0, 0, 0, 0, 0, 0, 0, 0]",Business & Markets,Business & Markets,0.985932,True
"[2715, 136, 4851, 723, 683, 286, 1, 724, 16, 2023, 0, 0, 0, 0, 0, 0, 0, 0, 0, 0]",Business & Markets,Business & Markets,0.99473464,True
"[285, 909, 2556, 1550, 1917, 119, 2470, 314, 1, 1, 0, 0, 0, 0, 0, 0, 0, 0, 0, 0]",Business & Markets,Business & Markets,0.9726246,True
"[4437, 1, 1, 1, 315, 1165, 28, 164, 253, 627, 1, 374, 25, 1073, 1766, 0, 0, 0, 0, 0]",Politics,Business & Markets,0.32048324,False
"[1, 1079, 0, 0, 0, 0, 0, 0, 0, 0, 0, 0, 0, 0, 0, 0, 0, 0, 0, 0]",Politics,Politics,0.7580805,True
"[1463, 872, 4284, 191, 1204, 9, 28, 147, 1383, 25, 1869, 100, 16, 4285, 0, 0, 0, 0, 0, 0]",Business & Markets,Business & Markets,0.99661833,True
"[2582, 54, 101, 0, 0, 0, 0, 0, 0, 0, 0, 0, 0, 0, 0, 0, 0, 0, 0, 0]",Business & Markets,Business & Markets,0.9900497,True
"[2427, 302, 2361, 583, 334, 75, 310, 40, 9, 2428, 2429, 300, 2430, 362, 85, 154, 111, 154, 0, 0]",Business & Markets,Business & Markets,0.99985254,True
"[609, 442, 62, 29, 16, 67, 1336, 2819, 16, 1, 157, 65, 1274, 2820, 218, 269, 0, 0, 0, 0]",Business & Markets,Business & Markets,0.98140126,True
"[209, 612, 442, 3581, 3361, 1722, 3238, 2242, 16, 1613, 3504, 1101, 170, 0, 0, 0, 0, 0, 0, 0]",Business & Markets,Business & Markets,0.95876414,True
"[4463, 2010, 508, 9, 153, 4464, 4465, 4463, 1, 0, 0, 0, 0, 0, 0, 0, 0, 0, 0, 0]",Business & Markets,Business & Markets,0.8540435,True
"[28, 743, 2309, 1, 22, 2310, 1593, 1099, 28, 1, 0, 0, 0, 0, 0, 0, 0, 0, 0, 0]",Business & Markets,Business & Markets,0.82088083,True
"[2116, 147, 428, 16, 2540, 3278, 1, 1616, 101, 191, 329, 3855, 3856, 0, 0, 0, 0, 0, 0, 0]",Business & Markets,Business & Markets,0.9582369,True
"[1, 326, 657, 1911, 166, 0, 0, 0, 0, 0, 0, 0, 0, 0, 0, 0, 0, 0, 0, 0]",Business & Markets,Business & Markets,0.92105615,True
"[3495, 1896, 687, 1, 1, 28, 218, 1, 16, 1, 2008, 0, 0, 0, 0, 0, 0, 0, 0, 0]",Business & Markets,Technology,0.42781013,False
"[3591, 2264, 1492, 326, 2445, 929, 2446, 9, 121, 441, 0, 0, 0, 0, 0, 0, 0, 0, 0, 0]",Business & Markets,Business & Markets,0.99392635,True
"[3470, 3768, 25, 1, 49, 1, 1, 0, 0, 0, 0, 0, 0, 0, 0, 0, 0, 0, 0, 0]",Politics,Politics,0.87932175,True
"[4159, 538, 1245, 4011, 3815, 3815, 3816, 3817, 1863, 157, 3818, 9, 70, 9, 4160, 1495, 0, 0, 0, 0]",Business & Markets,Business & Markets,0.9985812,True
"[2263, 170, 1339, 2318, 687, 974, 2520, 1313, 3703, 0, 0, 0, 0, 0, 0, 0, 0, 0, 0, 0]",Technology,Technology,0.9636944,True
"[104, 4396, 100, 641, 796, 25, 39, 2648, 16, 24, 120, 2472, 91, 2707, 0, 0, 0, 0, 0, 0]",Business & Markets,Business & Markets,0.7713603,True
"[1, 644, 645, 1, 100, 646, 647, 648, 1, 334, 0, 0, 0, 0, 0, 0, 0, 0, 0, 0]",Politics,Energy,0.39258412,False
"[1, 3336, 300, 1831, 157, 1, 9, 1, 1781, 0, 0, 0, 0, 0, 0, 0, 0, 0, 0, 0]",Business & Markets,Business & Markets,0.765731,True
"[3358, 25, 104, 1979, 119, 3359, 579, 96, 155, 587, 53, 16, 2002, 2103, 2916, 0, 0, 0, 0, 0]",Business & Markets,Business & Markets,0.99706846,True
"[191, 1, 1, 209, 201, 96, 54, 1274, 919, 1, 28, 1, 825, 1621, 3908, 0, 0, 0, 0, 0]",Business & Markets,Business & Markets,0.9620482,True
"[531, 221, 2314, 1244, 759, 25, 731, 831, 1513, 1152, 711, 712, 0, 0, 0, 0, 0, 0, 0, 0]",Politics,Politics,0.6935707,True
"[538, 1245, 4011, 3815, 3815, 3816, 3817, 1863, 157, 3818, 9, 70, 9, 4163, 0, 0, 0, 0, 0, 0]",Business & Markets,Business & Markets,0.99753845,True
"[1975, 1905, 1, 694, 656, 197, 1, 100, 3029, 9, 4289, 1, 2627, 4295, 0, 0, 0, 0, 0, 0]",Business & Markets,Business & Markets,0.83888423,True
"[973, 1807, 735, 1621, 25, 68, 4, 720, 0, 0, 0, 0, 0, 0, 0, 0, 0, 0, 0, 0]",Technology,Technology,0.9263614,True
"[3564, 25, 3225, 510, 636, 157, 209, 1270, 4158, 100, 3156, 170, 1608, 0, 0, 0, 0, 0, 0, 0]",Politics,Politics,0.57258964,True
"[1, 536, 687, 2146, 7, 1, 1294, 568, 1, 277, 2147, 25, 2148, 806, 0, 0, 0, 0, 0, 0]",Technology,Technology,0.8467863,True
"[1, 2099, 326, 3257, 9, 22, 541, 542, 96, 3258, 543, 0, 0, 0, 0, 0, 0, 0, 0, 0]",Business & Markets,Business & Markets,0.8884098,True
"[144, 1857, 96, 2280, 3170, 357, 1, 259, 9, 1266, 1668, 1752, 97, 609, 1001, 0, 0, 0, 0, 0]",Politics,Business & Markets,0.9699019,False
"[929, 1781, 2325, 568, 1, 454, 1060, 432, 0, 0, 0, 0, 0, 0, 0, 0, 0, 0, 0, 0]",Business & Markets,Business & Markets,0.9765181,True
"[1903, 136, 1314, 1590, 1, 191, 136, 309, 218, 65, 0, 0, 0, 0, 0, 0, 0, 0, 0, 0]",Business & Markets,Business & Markets,0.9935342,True
"[1087, 4183, 184, 146, 429, 694, 859, 146, 4184, 4185, 146, 642, 1518, 1519, 198, 43, 25, 258, 1023, 146]",Business & Markets,Business & Markets,0.9995616,True
"[3261, 1, 1, 3225, 157, 1, 1, 0, 0, 0, 0, 0, 0, 0, 0, 0, 0, 0, 0, 0]",Energy,Politics,0.50001156,False
"[1, 2766, 726, 1, 2811, 2767, 362, 1504, 2811, 2812, 996, 2813, 2814, 155, 434, 2815, 0, 0, 0, 0]",Business & Markets,Business & Markets,0.8355967,True
"[1, 4397, 744, 1122, 9, 719, 4, 720, 157, 22, 1375, 1454, 14, 2916, 0, 0, 0, 0, 0, 0]",Business & Markets,Business & Markets,0.86474025,True
"[630, 255, 4412, 315, 297, 1, 858, 96, 56, 1740, 81, 1518, 0, 0, 0, 0, 0, 0, 0, 0]",Business & Markets,Business & Markets,0.98403776,True
"[3032, 233, 252, 158, 2937, 1535, 759, 96, 209, 0, 0, 0, 0, 0, 0, 0, 0, 0, 0, 0]",Politics,Business & Markets,0.9505405,False
"[76, 2086, 5048, 5049, 3826, 53, 325, 651, 2688, 4008, 765, 5050, 556, 1387, 1946, 2087, 781, 9, 5051, 0]",Business & Markets,Business & Markets,0.9997873,True
"[1, 2310, 482, 413, 2288, 3157, 1171, 258, 166, 0, 0, 0, 0, 0, 0, 0, 0, 0, 0, 0]",Business & Markets,Politics,0.93136024,False
"[1, 2292, 1789, 2293, 100, 2294, 1648, 300, 455, 459, 0, 0, 0, 0, 0, 0, 0, 0, 0, 0]",Business & Markets,Business & Markets,0.9796997,True
"[28, 1042, 147, 2938, 3249, 149, 3248, 2938, 0, 0, 0, 0, 0, 0, 0, 0, 0, 0, 0, 0]",Business & Markets,Business & Markets,0.98620474,True
"[2912, 345, 3220, 3984, 116, 1675, 28, 2860, 1023, 1299, 1119, 1, 0, 0, 0, 0, 0, 0, 0, 0]",Technology,Health,0.6531239,False
"[1, 687, 1183, 3538, 1083, 1, 2303, 2292, 96, 4572, 25, 1741, 1, 1, 0, 0, 0, 0, 0, 0]",Business & Markets,Technology,0.50763863,False
"[1989, 25, 1315, 111, 13, 14, 25, 1115, 4, 2197, 16, 899, 0, 0, 0, 0, 0, 0, 0, 0]",Business & Markets,Business & Markets,0.674536,True
"[1360, 1140, 214, 96, 68, 303, 1361, 157, 76, 314, 987, 9, 329, 1362, 0, 0, 0, 0, 0, 0]",Business & Markets,Business & Markets,0.99226755,True
"[3450, 3926, 264, 3036, 157, 813, 4403, 1247, 9, 493, 4, 4454, 4455, 0, 0, 0, 0, 0, 0, 0]",Business & Markets,Business & Markets,0.99281764,True
"[2589, 727, 16, 1686, 158, 100, 362, 25, 1464, 218, 2799, 167, 168, 0, 0, 0, 0, 0, 0, 0]",Business & Markets,Business & Markets,0.9212639,True
"[662, 528, 326, 13, 694, 929, 2446, 0, 0, 0, 0, 0, 0, 0, 0, 0, 0, 0, 0, 0]",Business & Markets,Business & Markets,0.9975284,True
"[1904, 824, 745, 2625, 2626, 196, 197, 1906, 25, 269, 2627, 1655, 1003, 0, 0, 0, 0, 0, 0, 0]",Business & Markets,Business & Markets,0.8030252,True
"[453, 454, 455, 456, 457, 300, 458, 459, 25, 460, 461, 136, 462, 0, 0, 0, 0, 0, 0, 0]",Business & Markets,Business & Markets,0.9949591,True
"[3943, 3944, 2737, 95, 675, 4000, 516, 100, 28, 345, 34, 0, 0, 0, 0, 0, 0, 0, 0, 0]",Business & Markets,Business & Markets,0.8447614,True
"[3706, 688, 3046, 2210, 249, 1, 640, 300, 1, 4, 2226, 0, 0, 0, 0, 0, 0, 0, 0, 0]",Business & Markets,Business & Markets,0.97936124,True
"[1, 96, 1, 3925, 345, 2587, 300, 552, 120, 382, 1, 0, 0, 0, 0, 0, 0, 0, 0, 0]",Technology,Business & Markets,0.48156396,False
"[1, 1622, 1623, 1624, 119, 1625, 253, 157, 859, 0, 0, 0, 0, 0, 0, 0, 0, 0, 0, 0]",Politics,Business & Markets,0.59548604,False
"[1, 157, 1487, 25, 854, 1, 16, 1, 196, 0, 0, 0, 0, 0, 0, 0, 0, 0, 0, 0]",Business & Markets,Business & Markets,0.727773,True
"[1, 1910, 398, 2747, 2748, 521, 1, 100, 3042, 1, 1286, 1516, 1, 334, 0, 0, 0, 0, 0, 0]",Business & Markets,Politics,0.62420857,False
"[218, 176, 1, 96, 1577, 1, 1572, 4270, 1, 1186, 2249, 1, 18, 1643, 0, 0, 0, 0, 0, 0]",Politics,Business & Markets,0.56804216,False
"[4257, 964, 4258, 4259, 4260, 2997, 3816, 1824, 4261, 536, 4257, 70, 25, 4262, 28, 1370, 381, 3049, 1108, 2309]",Business & Markets,Business & Markets,0.99669135,True
"[1, 1, 1954, 25, 26, 118, 1387, 16, 1, 1, 1, 3266, 0, 0, 0, 0, 0, 0, 0, 0]",Business & Markets,Business & Markets,0.6810986,True
"[4466, 728, 308, 331, 334, 9, 1069, 1918, 119, 3385, 0, 0, 0, 0, 0, 0, 0, 0, 0, 0]",Business & Markets,Business & Markets,0.9252647,True
"[1, 1, 528, 334, 153, 154, 2138, 156, 0, 0, 0, 0, 0, 0, 0, 0, 0, 0, 0, 0]",Business & Markets,Business & Markets,0.9877846,True
"[641, 181, 526, 57, 2246, 56, 86, 110, 4517, 100, 995, 467, 0, 0, 0, 0, 0, 0, 0, 0]",Business & Markets,Politics,0.4926311,False
"[173, 1882, 1, 157, 1, 296, 2261, 100, 775, 366, 0, 0, 0, 0, 0, 0, 0, 0, 0, 0]",Politics,Politics,0.65674525,True
"[5053, 277, 382, 96, 83, 2072, 911, 25, 175, 218, 68, 5058, 554, 100, 1495, 5055, 0, 0, 0, 0]",Technology,Technology,0.95701057,True
"[2699, 687, 2700, 1479, 1264, 197, 2701, 0, 0, 0, 0, 0, 0, 0, 0, 0, 0, 0, 0, 0]",Business & Markets,Health,0.5099754,False
"[375, 300, 2051, 9, 1, 2048, 163, 1511, 196, 0, 0, 0, 0, 0, 0, 0, 0, 0, 0, 0]",Politics,Business & Markets,0.9429048,False
"[464, 2690, 362, 197, 466, 25, 1757, 4521, 97, 1, 0, 0, 0, 0, 0, 0, 0, 0, 0, 0]",Business & Markets,Technology,0.906077,False
"[277, 5116, 326, 1928, 196, 908, 2007, 100, 3480, 3481, 9, 5117, 694, 0, 0, 0, 0, 0, 0, 0]",Business & Markets,Business & Markets,0.99899596,True
"[1, 1, 1, 0, 0, 0, 0, 0, 0, 0, 0, 0, 0, 0, 0, 0, 0, 0, 0, 0]",Business & Markets,Politics,0.5308232,False
"[4811, 4812, 1486, 677, 625, 300, 4900, 556, 1387, 2031, 3897, 1162, 25, 4313, 9, 310, 84, 85, 0, 0]",Business & Markets,Business & Markets,0.9988481,True
"[760, 761, 54, 519, 1349, 936, 16, 310, 154, 0, 0, 0, 0, 0, 0, 0, 0, 0, 0, 0]",Business & Markets,Business & Markets,0.99767345,True
"[3885, 257, 1022, 1, 2613, 157, 2050, 1959, 1, 1, 170, 0, 0, 0, 0, 0, 0, 0, 0, 0]",Business & Markets,Politics,0.97375023,False
"[54, 99, 100, 70, 1, 96, 1, 1614, 590, 156, 184, 769, 2229, 0, 0, 0, 0, 0, 0, 0]",Business & Markets,Business & Markets,0.99595535,True
"[499, 3316, 362, 191, 209, 329, 1, 62, 252, 3682, 0, 0, 0, 0, 0, 0, 0, 0, 0, 0]",Energy,Politics,0.7987908,False
"[2787, 987, 9, 3008, 499, 1488, 191, 269, 1, 296, 0, 0, 0, 0, 0, 0, 0, 0, 0, 0]",Energy,Business & Markets,0.8534889,False
"[329, 412, 1, 1370, 157, 628, 1, 196, 184, 209, 276, 0, 0, 0, 0, 0, 0, 0, 0, 0]",Politics,Politics,0.9885119,True
"[1, 383, 326, 22, 218, 1, 383, 0, 0, 0, 0, 0, 0, 0, 0, 0, 0, 0, 0, 0]",Technology,Technology,0.95496184,True
"[690, 3810, 821, 1615, 1, 408, 314, 2683, 145, 16, 28, 3823, 0, 0, 0, 0, 0, 0, 0, 0]",Politics,Politics,0.9171014,True
"[974, 4562, 75, 4008, 76, 678, 122, 0, 0, 0, 0, 0, 0, 0, 0, 0, 0, 0, 0, 0]",Business & Markets,Business & Markets,0.9969119,True
"[1, 1627, 100, 1, 1271, 298, 0, 0, 0, 0, 0, 0, 0, 0, 0, 0, 0, 0, 0, 0]",Business & Markets,Business & Markets,0.7382231,True
"[4026, 53, 96, 3926, 4027, 564, 2210, 2608, 3729, 469, 4028, 0, 0, 0, 0, 0, 0, 0, 0, 0]",Business & Markets,Business & Markets,0.99207884,True
"[1, 465, 197, 1, 0, 0, 0, 0, 0, 0, 0, 0, 0, 0, 0, 0, 0, 0, 0, 0]",Business & Markets,Business & Markets,0.896825,True
"[1, 326, 677, 625, 9, 1386, 556, 1387, 0, 0, 0, 0, 0, 0, 0, 0, 0, 0, 0, 0]",Business & Markets,Business & Markets,0.9917168,True
"[2639, 769, 2640, 1, 1080, 2641, 25, 1, 157, 68, 2642, 0, 0, 0, 0, 0, 0, 0, 0, 0]",Technology,Technology,0.95507044,True
"[973, 401, 444, 191, 3425, 3426, 3427, 0, 0, 0, 0, 0, 0, 0, 0, 0, 0, 0, 0, 0]",Business & Markets,Business & Markets,0.97686994,True
"[70, 197, 1, 1474, 157, 1, 1, 733, 1615, 1306, 25, 2941, 27, 31, 0, 0, 0, 0, 0, 0]",Business & Markets,Business & Markets,0.78640836,True
"[3576, 50, 16, 28, 1, 9, 7, 148, 14, 3577, 1564, 110, 1765, 1453, 28, 214, 300, 429, 14, 2015]",Business & Markets,Business & Markets,0.6541207,True
"[5025, 758, 1, 872, 1, 3165, 28, 214, 326, 7, 538, 295, 157, 600, 44, 514, 149, 0, 0, 0]",Business & Markets,Business & Markets,0.9591243,True
"[2589, 727, 16, 1686, 158, 100, 362, 25, 1464, 218, 2799, 167, 168, 0, 0, 0, 0, 0, 0, 0]",Business & Markets,Business & Markets,0.9212639,True
"[197, 251, 477, 254, 157, 28, 4167, 50, 28, 2307, 196, 300, 124, 0, 0, 0, 0, 0, 0, 0]",Politics,Business & Markets,0.68605524,False
"[346, 347, 1, 2634, 3130, 191, 1, 3713, 0, 0, 0, 0, 0, 0, 0, 0, 0, 0, 0, 0]",Business & Markets,Politics,0.9567333,False
"[1011, 550, 1, 25, 995, 996, 1, 1012, 923, 170, 345, 1013, 1014, 127, 104, 1, 0, 0, 0, 0]",Business & Markets,Politics,0.6862195,False
"[2081, 2402, 2082, 468, 64, 2083, 872, 2403, 2404, 201, 137, 16, 18, 0, 0, 0, 0, 0, 0, 0]",Business & Markets,Business & Markets,0.94816357,True
"[760, 761, 1387, 2953, 102, 802, 300, 3264, 640, 1, 221, 170, 0, 0, 0, 0, 0, 0, 0, 0]",Business & Markets,Business & Markets,0.99010265,True
"[5112, 4654, 3016, 1679, 326, 28, 2078, 9, 22, 153, 154, 149, 76, 2051, 812, 295, 96, 2043, 0, 0]",Business & Markets,Business & Markets,0.9931431,True
"[2333, 403, 3, 1627, 25, 2937, 3065, 25, 169, 331, 164, 165, 0, 0, 0, 0, 0, 0, 0, 0]",Politics,Politics,0.82409894,True
"[1639, 529, 449, 1867, 43, 250, 1180, 598, 0, 0, 0, 0, 0, 0, 0, 0, 0, 0, 0, 0]",Business & Markets,Business & Markets,0.97969925,True
"[169, 170, 171, 9, 1, 1, 1, 1, 96, 1, 172, 1, 0, 0, 0, 0, 0, 0, 0, 0]",Politics,Politics,0.9836257,True
"[4913, 326, 153, 154, 149, 76, 295, 0, 0, 0, 0, 0, 0, 0, 0, 0, 0, 0, 0, 0]",Business & Markets,Business & Markets,0.9977902,True
"[285, 2558, 982, 5067, 694, 4989, 1655, 16, 160, 3578, 9, 813, 149, 0, 0, 0, 0, 0, 0, 0]",Business & Markets,Business & Markets,0.98895466,True
"[621, 3964, 630, 1, 1, 53, 1956, 1957, 3495, 3981, 0, 0, 0, 0, 0, 0, 0, 0, 0, 0]",Business & Markets,Business & Markets,0.97106576,True
"[3618, 1808, 3619, 209, 2231, 119, 2845, 25, 259, 205, 73, 180, 1263, 1345, 113, 0, 0, 0, 0, 0]",Energy,Energy,0.94736314,True
"[2394, 655, 301, 2395, 300, 2396, 197, 2397, 2398, 9, 2399, 558, 2400, 16, 160, 149, 551, 2401, 0, 0]",Energy,Energy,0.98445225,True
"[285, 3292, 3167, 1604, 191, 1, 796, 366, 310, 472, 0, 0, 0, 0, 0, 0, 0, 0, 0, 0]",Health,Business & Markets,0.37103784,False
"[2593, 824, 221, 1161, 1, 326, 1925, 1491, 1, 2172, 554, 0, 0, 0, 0, 0, 0, 0, 0, 0]",Business & Markets,Business & Markets,0.9408981,True
"[346, 767, 209, 245, 1, 3906, 16, 775, 158, 2005, 1912, 1892, 170, 0, 0, 0, 0, 0, 0, 0]",Politics,Politics,0.991046,True
"[621, 1137, 4120, 103, 53, 624, 1956, 2458, 1, 53, 624, 4122, 0, 0, 0, 0, 0, 0, 0, 0]",Business & Markets,Business & Markets,0.9930519,True
"[5011, 417, 326, 5012, 625, 122, 0, 0, 0, 0, 0, 0, 0, 0, 0, 0, 0, 0, 0, 0]",Business & Markets,Business & Markets,0.98535186,True
"[1678, 1, 630, 1679, 550, 1, 1575, 1680, 25, 1, 570, 0, 0, 0, 0, 0, 0, 0, 0, 0]",Business & Markets,Business & Markets,0.5555468,True
"[4528, 507, 2210, 249, 1, 640, 300, 1, 4, 2226, 0, 0, 0, 0, 0, 0, 0, 0, 0, 0]",Business & Markets,Business & Markets,0.94170076,True
"[1, 2296, 360, 191, 4220, 4221, 352, 380, 7, 1, 0, 0, 0, 0, 0, 0, 0, 0, 0, 0]",Business & Markets,Politics,0.8366956,False
"[1599, 1287, 1212, 25, 3878, 1840, 40, 64, 1848, 25, 1841, 0, 0, 0, 0, 0, 0, 0, 0, 0]",Business & Markets,Business & Markets,0.9106902,True
"[531, 221, 4403, 1835, 1190, 157, 1402, 1702, 1, 252, 1838, 733, 4404, 3627, 0, 0, 0, 0, 0, 0]",Business & Markets,Business & Markets,0.8821241,True
"[3553, 3554, 3555, 1080, 743, 3391, 3729, 196, 100, 3730, 0, 0, 0, 0, 0, 0, 0, 0, 0, 0]",Health,Business & Markets,0.94501764,False
"[408, 2314, 1507, 4991, 1627, 25, 4021, 4992, 64, 1973, 1974, 2162, 1989, 83, 2737, 4993, 0, 0, 0, 0]",Politics,Politics,0.98523486,True
"[1, 1, 1, 642, 1, 1015, 197, 2302, 1873, 0, 0, 0, 0, 0, 0, 0, 0, 0, 0, 0]",Business & Markets,Technology,0.76601815,False
"[755, 170, 251, 252, 477, 3883, 2758, 1091, 116, 323, 3999, 4000, 118, 0, 0, 0, 0, 0, 0, 0]",Business & Markets,Politics,0.9715954,False
"[1, 515, 25, 1, 1006, 191, 1921, 1285, 939, 0, 0, 0, 0, 0, 0, 0, 0, 0, 0, 0]",Health,Business & Markets,0.8888423,False
"[1206, 2663, 675, 156, 1489, 74, 28, 1829, 1, 0, 0, 0, 0, 0, 0, 0, 0, 0, 0, 0]",Business & Markets,Business & Markets,0.9852401,True
"[1, 1, 25, 1314, 1737, 300, 1738, 0, 0, 0, 0, 0, 0, 0, 0, 0, 0, 0, 0, 0]",Business & Markets,Business & Markets,0.84679407,True
"[4974, 4975, 574, 233, 92, 441, 1326, 1, 2706, 25, 7, 1442, 4234, 4264, 0, 0, 0, 0, 0, 0]",Business & Markets,Business & Markets,0.99321187,True
"[2384, 1302, 2385, 1391, 2386, 2387, 191, 91, 678, 1493, 25, 2388, 1652, 456, 96, 955, 0, 0, 0, 0]",Business & Markets,Business & Markets,0.98979706,True
"[422, 50, 132, 25, 424, 3387, 54, 50, 362, 0, 0, 0, 0, 0, 0, 0, 0, 0, 0, 0]",Business & Markets,Business & Markets,0.91595846,True
"[1276, 3048, 54, 2206, 681, 1, 2734, 1992, 436, 3091, 1, 67, 516, 525, 100, 3050, 3051, 0, 0, 0]",Business & Markets,Business & Markets,0.9929785,True
"[68, 1344, 912, 16, 34, 25, 130, 641, 796, 472, 73, 2274, 0, 0, 0, 0, 0, 0, 0, 0]",Technology,Technology,0.9539969,True
"[28, 4029, 53, 2357, 1963, 837, 197, 4030, 46, 4031, 300, 4029, 4032, 3708, 3824, 0, 0, 0, 0, 0]",Business & Markets,Health,0.81020176,False
"[1, 1460, 687, 1422, 694, 3415, 2782, 2007, 0, 0, 0, 0, 0, 0, 0, 0, 0, 0, 0, 0]",Business & Markets,Business & Markets,0.83846194,True
"[408, 2843, 2655, 100, 292, 78, 206, 427, 249, 1, 170, 0, 0, 0, 0, 0, 0, 0, 0, 0]",Politics,Politics,0.99682057,True
"[408, 2225, 16, 4156, 196, 25, 2757, 1, 220, 723, 1176, 2234, 1282, 218, 192, 0, 0, 0, 0, 0]",Politics,Politics,0.94194627,True
"[144, 43, 25, 1164, 157, 598, 1, 756, 3774, 3775, 1, 0, 0, 0, 0, 0, 0, 0, 0, 0]",Business & Markets,Business & Markets,0.9948342,True
"[2993, 4265, 260, 582, 9, 4266, 3339, 1492, 0, 0, 0, 0, 0, 0, 0, 0, 0, 0, 0, 0]",Business & Markets,Business & Markets,0.94510674,True
"[2936, 995, 1228, 366, 4243, 65, 16, 218, 1080, 9, 3801, 0, 0, 0, 0, 0, 0, 0, 0, 0]",Business & Markets,Energy,0.7616773,False
"[4256, 5092, 2354, 100, 623, 2100, 383, 0, 0, 0, 0, 0, 0, 0, 0, 0, 0, 0, 0, 0]",Business & Markets,Technology,0.9142764,False
"[3961, 2790, 567, 255, 157, 152, 1, 1, 1859, 1200, 3089, 0, 0, 0, 0, 0, 0, 0, 0, 0]",Business & Markets,Business & Markets,0.82600504,True
"[209, 751, 170, 1, 141, 1722, 1049, 162, 339, 2317, 1901, 206, 427, 0, 0, 0, 0, 0, 0, 0]",Politics,Politics,0.99511284,True
"[1973, 1974, 209, 1975, 1976, 1977, 1, 1003, 1, 100, 161, 148, 9, 1, 1, 1, 1184, 0, 0, 0]",Technology,Health,0.8614263,False
"[278, 1274, 116, 1755, 2048, 2308, 1542, 166, 0, 0, 0, 0, 0, 0, 0, 0, 0, 0, 0, 0]",Energy,Business & Markets,0.79693556,False
"[4553, 4553, 4554, 9, 28, 4555, 96, 4556, 2470, 543, 9, 44, 13, 149, 0, 0, 0, 0, 0, 0]",Business & Markets,Business & Markets,0.99368495,True
"[408, 745, 468, 25, 258, 209, 213, 4840, 1901, 206, 427, 0, 0, 0, 0, 0, 0, 0, 0, 0]",Politics,Politics,0.99653625,True
"[76, 2086, 2088, 1611, 651, 75, 765, 2089, 1946, 2087, 781, 9, 1, 0, 0, 0, 0, 0, 0, 0]",Business & Markets,Business & Markets,0.9964773,True
"[158, 3271, 1535, 3161, 386, 206, 16, 1, 1124, 0, 0, 0, 0, 0, 0, 0, 0, 0, 0, 0]",Politics,Politics,0.98850316,True
"[191, 2127, 1469, 2162, 2722, 3649, 3186, 9, 68, 847, 0, 0, 0, 0, 0, 0, 0, 0, 0, 0]",Technology,Business & Markets,0.6665102,False
"[1519, 116, 919, 4162, 238, 1, 148, 1163, 1519, 1328, 25, 1791, 146, 3019, 314, 27, 56, 3753, 1341, 61]",Business & Markets,Business & Markets,0.83169836,True
"[1, 1408, 1, 1, 1, 3136, 3652, 1585, 1, 119, 4578, 3462, 1, 1734, 1, 1, 1, 0, 0, 0]",Technology,Health,0.9054482,False
"[3609, 3610, 449, 687, 3959, 96, 3566, 1867, 2048, 3610, 568, 0, 0, 0, 0, 0, 0, 0, 0, 0]",Health,Health,0.8331226,True
"[2434, 2851, 456, 1059, 1, 191, 417, 1, 1627, 100, 1, 117, 111, 516, 145, 152, 0, 0, 0, 0]",Business & Markets,Business & Markets,0.55951536,True
"[259, 9, 1266, 1, 1472, 28, 1997, 140, 28, 3064, 2651, 127, 259, 2609, 0, 0, 0, 0, 0, 0]",Business & Markets,Business & Markets,0.87030137,True
"[218, 2205, 2298, 371, 916, 623, 1599, 787, 953, 150, 1, 96, 218, 2705, 442, 0, 0, 0, 0, 0]",Business & Markets,Business & Markets,0.7593874,True
"[2061, 687, 1470, 2062, 2063, 568, 0, 0, 0, 0, 0, 0, 0, 0, 0, 0, 0, 0, 0, 0]",Technology,Technology,0.9541995,True
"[2894, 1147, 124, 631, 1, 197, 3758, 9, 1443, 1228, 152, 0, 0, 0, 0, 0, 0, 0, 0, 0]",Business & Markets,Business & Markets,0.8519192,True
"[209, 243, 53, 1244, 1523, 25, 206, 427, 1846, 137, 984, 0, 0, 0, 0, 0, 0, 0, 0, 0]",Politics,Politics,0.9860182,True
"[4874, 53, 3560, 318, 1859, 1274, 2110, 4234, 4264, 0, 0, 0, 0, 0, 0, 0, 0, 0, 0, 0]",Business & Markets,Business & Markets,0.97407395,True
"[209, 170, 2416, 2264, 2284, 4069, 1836, 2475, 1734, 3787, 710, 0, 0, 0, 0, 0, 0, 0, 0, 0]",Technology,Politics,0.89201146,False
"[3385, 170, 329, 775, 1081, 116, 104, 1, 0, 0, 0, 0, 0, 0, 0, 0, 0, 0, 0, 0]",Politics,Politics,0.9917659,True
"[169, 170, 3437, 25, 1789, 1064, 1065, 1, 197, 3438, 2078, 25, 104, 2444, 1, 0, 0, 0, 0, 0]",Politics,Politics,0.9525903,True
"[209, 3867, 723, 385, 25, 3868, 472, 157, 3869, 2869, 3870, 2963, 16, 3016, 0, 0, 0, 0, 0, 0]",Energy,Business & Markets,0.6903691,False
"[2457, 867, 2458, 2459, 9, 2460, 2461, 197, 2462, 560, 157, 2463, 96, 1424, 2464, 1647, 2465, 0, 0, 0]",Business & Markets,Business & Markets,0.72934735,True
"[2466, 1435, 952, 1090, 2467, 96, 1521, 1522, 2468, 2262, 630, 53, 2469, 2470, 1520, 100, 28, 1987, 166, 9]",Business & Markets,Business & Markets,0.9997042,True
"[3804, 2724, 57, 3805, 3806, 100, 563, 96, 2213, 43, 57, 3220, 0, 0, 0, 0, 0, 0, 0, 0]",Business & Markets,Business & Markets,0.6509838,True
"[1, 449, 401, 1, 1563, 1564, 25, 1630, 4170, 3700, 568, 0, 0, 0, 0, 0, 0, 0, 0, 0]",Business & Markets,Technology,0.6328523,False
"[2371, 1361, 2372, 2373, 100, 2374, 2375, 302, 560, 16, 2376, 2377, 2378, 9, 2379, 96, 2380, 9, 2381, 694]",Business & Markets,Business & Markets,0.997891,True
"[1, 2657, 4422, 1, 684, 96, 1132, 2758, 16, 75, 234, 529, 0, 0, 0, 0, 0, 0, 0, 0]",Business & Markets,Business & Markets,0.9529861,True
"[1, 4562, 75, 765, 1972, 1, 0, 0, 0, 0, 0, 0, 0, 0, 0, 0, 0, 0, 0, 0]",Business & Markets,Business & Markets,0.98765963,True
"[2596, 546, 504, 4609, 9, 4536, 678, 16, 120, 0, 0, 0, 0, 0, 0, 0, 0, 0, 0, 0]",Business & Markets,Business & Markets,0.6354968,True
"[751, 2561, 408, 3030, 25, 4645, 521, 427, 2317, 0, 0, 0, 0, 0, 0, 0, 0, 0, 0, 0]",Politics,Politics,0.99396247,True
"[412, 413, 414, 59, 415, 100, 212, 416, 0, 0, 0, 0, 0, 0, 0, 0, 0, 0, 0, 0]",Politics,Politics,0.9288424,True
"[1, 1054, 1, 78, 1, 9, 1, 1055, 1, 0, 0, 0, 0, 0, 0, 0, 0, 0, 0, 0]",Technology,Politics,0.5183106,False
"[621, 277, 4125, 1, 2916, 16, 2917, 441, 0, 0, 0, 0, 0, 0, 0, 0, 0, 0, 0, 0]",Business & Markets,Business & Markets,0.98487073,True
"[3932, 3933, 3208, 3209, 16, 3210, 3934, 3935, 1260, 383, 50, 2285, 100, 2030, 278, 3756, 0, 0, 0, 0]",Technology,Technology,0.6779259,True
"[1719, 1, 56, 25, 1518, 197, 1128, 43, 96, 1244, 70, 25, 1675, 1245, 157, 1, 0, 0, 0, 0]",Business & Markets,Business & Markets,0.970841,True
"[592, 895, 3268, 198, 441, 1326, 111, 1347, 694, 0, 0, 0, 0, 0, 0, 0, 0, 0, 0, 0]",Business & Markets,Business & Markets,0.99657047,True
"[1, 164, 1, 428, 1, 0, 0, 0, 0, 0, 0, 0, 0, 0, 0, 0, 0, 0, 0, 0]",Politics,Politics,0.6210002,True
"[786, 3144, 3145, 2900, 2629, 9, 2068, 111, 2711, 1, 0, 0, 0, 0, 0, 0, 0, 0, 0, 0]",Politics,Business & Markets,0.9264942,False
"[88, 89, 1154, 516, 135, 43, 4291, 686, 683, 1204, 4292, 3562, 111, 28, 134, 113, 197, 1125, 3471, 25]",Business & Markets,Business & Markets,0.98216957,True
"[2012, 687, 959, 25, 1372, 1145, 1369, 100, 929, 416, 0, 0, 0, 0, 0, 0, 0, 0, 0, 0]",Business & Markets,Business & Markets,0.9901994,True
"[621, 3964, 630, 103, 53, 624, 1956, 1957, 103, 3965, 0, 0, 0, 0, 0, 0, 0, 0, 0, 0]",Business & Markets,Business & Markets,0.9924625,True
"[1432, 1433, 1434, 1435, 1436, 96, 541, 152, 0, 0, 0, 0, 0, 0, 0, 0, 0, 0, 0, 0]",Business & Markets,Business & Markets,0.9957274,True
"[4195, 1271, 326, 2242, 4196, 9, 2443, 2444, 1928, 196, 2007, 0, 0, 0, 0, 0, 0, 0, 0, 0]",Business & Markets,Business & Markets,0.99622595,True
"[66, 465, 197, 3521, 1585, 214, 3576, 25, 912, 68, 2072, 1054, 0, 0, 0, 0, 0, 0, 0, 0]",Business & Markets,Technology,0.9380778,False
"[302, 3013, 537, 529, 157, 1220, 96, 3585, 2463, 16, 1948, 706, 792, 0, 0, 0, 0, 0, 0, 0]",Business & Markets,Business & Markets,0.9934447,True
"[3982, 3501, 1294, 646, 25, 919, 1131, 25, 3806, 1, 238, 2886, 0, 0, 0, 0, 0, 0, 0, 0]",Politics,Business & Markets,0.59332514,False
"[3387, 157, 1487, 100, 310, 65, 1365, 4, 2226, 0, 0, 0, 0, 0, 0, 0, 0, 0, 0, 0]",Business & Markets,Energy,0.84396315,False
"[329, 1433, 2807, 2808, 111, 727, 1250, 2100, 2809, 0, 0, 0, 0, 0, 0, 0, 0, 0, 0, 0]",Politics,Politics,0.9676435,True
"[465, 53, 25, 854, 1410, 237, 2274, 821, 0, 0, 0, 0, 0, 0, 0, 0, 0, 0, 0, 0]",Business & Markets,Business & Markets,0.95836806,True
"[1709, 1, 1564, 373, 25, 1, 0, 0, 0, 0, 0, 0, 0, 0, 0, 0, 0, 0, 0, 0]",Business & Markets,Business & Markets,0.84896606,True
"[2050, 1994, 1, 197, 3549, 9, 258, 10, 0, 0, 0, 0, 0, 0, 0, 0, 0, 0, 0, 0]",Business & Markets,Politics,0.5263711,False
"[324, 325, 326, 75, 149, 76, 0, 0, 0, 0, 0, 0, 0, 0, 0, 0, 0, 0, 0, 0]",Business & Markets,Business & Markets,0.99751544,True
"[671, 1616, 825, 1982, 1983, 25, 1789, 345, 1984, 16, 727, 0, 0, 0, 0, 0, 0, 0, 0, 0]",Business & Markets,Business & Markets,0.51612204,True
"[1, 25, 3410, 97, 1387, 3764, 1226, 25, 2522, 371, 538, 9, 1, 1281, 0, 0, 0, 0, 0, 0]",Business & Markets,Business & Markets,0.95149446,True
"[3559, 77, 3560, 318, 2110, 0, 0, 0, 0, 0, 0, 0, 0, 0, 0, 0, 0, 0, 0, 0]",Business & Markets,Business & Markets,0.87539846,True
"[1, 2064, 1, 345, 7, 16, 277, 1, 9, 1076, 2736, 0, 0, 0, 0, 0, 0, 0, 0, 0]",Politics,Business & Markets,0.3410645,False
"[4619, 4563, 4203, 214, 4620, 4564, 4621, 191, 657, 0, 0, 0, 0, 0, 0, 0, 0, 0, 0, 0]",Business & Markets,Business & Markets,0.7030907,True
"[4157, 872, 1, 2470, 1373, 1340, 1306, 919, 55, 25, 434, 3049, 1108, 1038, 0, 0, 0, 0, 0, 0]",Business & Markets,Business & Markets,0.9812406,True
"[1, 536, 25, 2051, 153, 154, 149, 155, 156, 157, 600, 945, 1128, 149, 0, 0, 0, 0, 0, 0]",Business & Markets,Business & Markets,0.9983595,True
"[1, 1954, 2543, 598, 980, 2544, 25, 2545, 0, 0, 0, 0, 0, 0, 0, 0, 0, 0, 0, 0]",Business & Markets,Business & Markets,0.9638626,True
"[2061, 687, 1470, 2062, 2063, 568, 0, 0, 0, 0, 0, 0, 0, 0, 0, 0, 0, 0, 0, 0]",Technology,Technology,0.9541995,True
"[4427, 4111, 1668, 640, 157, 598, 0, 0, 0, 0, 0, 0, 0, 0, 0, 0, 0, 0, 0, 0]",Business & Markets,Business & Markets,0.9844707,True
"[209, 751, 1627, 25, 4251, 2329, 2330, 4252, 694, 4253, 566, 1547, 0, 0, 0, 0, 0, 0, 0, 0]",Politics,Politics,0.93877393,True
"[3603, 1178, 640, 191, 519, 4938, 2232, 2865, 1219, 4939, 1650, 0, 0, 0, 0, 0, 0, 0, 0, 0]",Business & Markets,Business & Markets,0.98733646,True
"[1164, 1, 687, 3493, 345, 68, 1893, 0, 0, 0, 0, 0, 0, 0, 0, 0, 0, 0, 0, 0]",Technology,Technology,0.96493673,True
"[15, 1066, 2594, 1486, 3579, 518, 1, 141, 73, 1225, 979, 0, 0, 0, 0, 0, 0, 0, 0, 0]",Business & Markets,Business & Markets,0.9889859,True
"[54, 99, 100, 70, 1, 2159, 96, 136, 2888, 0, 0, 0, 0, 0, 0, 0, 0, 0, 0, 0]",Business & Markets,Business & Markets,0.997693,True
"[4276, 1, 1244, 205, 4277, 9, 3377, 1006, 0, 0, 0, 0, 0, 0, 0, 0, 0, 0, 0, 0]",Business & Markets,Business & Markets,0.74979216,True
"[2026, 326, 44, 149, 3477, 0, 0, 0, 0, 0, 0, 0, 0, 0, 0, 0, 0, 0, 0, 0]",Business & Markets,Business & Markets,0.9912549,True
"[1, 1055, 96, 3007, 1, 3384, 762, 443, 1, 694, 1993, 0, 0, 0, 0, 0, 0, 0, 0, 0]",Business & Markets,Business & Markets,0.98130167,True
"[1167, 326, 3023, 197, 2177, 25, 912, 2110, 96, 124, 744, 955, 100, 914, 3251, 0, 0, 0, 0, 0]",Business & Markets,Technology,0.93576896,False
"[2672, 3520, 1318, 4648, 1176, 1414, 1532, 100, 88, 89, 306, 0, 0, 0, 0, 0, 0, 0, 0, 0]",Business & Markets,Business & Markets,0.977215,True
"[3117, 157, 2993, 759, 4291, 736, 0, 0, 0, 0, 0, 0, 0, 0, 0, 0, 0, 0, 0, 0]",Business & Markets,Business & Markets,0.92363566,True
"[187, 158, 116, 388, 228, 389, 25, 1, 390, 0, 0, 0, 0, 0, 0, 0, 0, 0, 0, 0]",Politics,Politics,0.9007753,True
"[1, 401, 115, 1, 1274, 1634, 25, 1, 352, 380, 28, 68, 136, 1391, 0, 0, 0, 0, 0, 0]",Business & Markets,Technology,0.91760015,False
"[408, 3030, 1217, 1218, 206, 427, 1278, 97, 153, 771, 0, 0, 0, 0, 0, 0, 0, 0, 0, 0]",Politics,Politics,0.9959293,True
"[50, 51, 16, 52, 53, 54, 7, 1, 55, 0, 0, 0, 0, 0, 0, 0, 0, 0, 0, 0]",Business & Markets,Business & Markets,0.976699,True
"[345, 1586, 1, 75, 443, 1807, 157, 3569, 1803, 0, 0, 0, 0, 0, 0, 0, 0, 0, 0, 0]",Business & Markets,Business & Markets,0.9934463,True
"[3440, 3041, 1, 1, 191, 4376, 100, 1, 197, 1, 2692, 1, 0, 0, 0, 0, 0, 0, 0, 0]",Health,Health,0.46657112,True
"[1, 1, 364, 0, 0, 0, 0, 0, 0, 0, 0, 0, 0, 0, 0, 0, 0, 0, 0, 0]",Business & Markets,Business & Markets,0.69218373,True
"[115, 2162, 4154, 96, 716, 661, 2592, 100, 7, 310, 880, 3446, 0, 0, 0, 0, 0, 0, 0, 0]",Business & Markets,Business & Markets,0.94628656,True
"[1, 1, 25, 810, 1414, 155, 156, 157, 945, 144, 0, 0, 0, 0, 0, 0, 0, 0, 0, 0]",Business & Markets,Business & Markets,0.98876846,True
"[1, 1, 4471, 326, 577, 4472, 3671, 560, 16, 3951, 0, 0, 0, 0, 0, 0, 0, 0, 0, 0]",Business & Markets,Business & Markets,0.47967127,True
"[427, 50, 3169, 209, 1702, 2964, 14, 7, 428, 162, 909, 91, 3385, 170, 0, 0, 0, 0, 0, 0]",Politics,Politics,0.9873388,True
"[3553, 3554, 2570, 2317, 16, 209, 3350, 334, 0, 0, 0, 0, 0, 0, 0, 0, 0, 0, 0, 0]",Health,Business & Markets,0.92118174,False
"[3629, 872, 326, 677, 207, 625, 96, 3258, 625, 0, 0, 0, 0, 0, 0, 0, 0, 0, 0, 0]",Business & Markets,Business & Markets,0.9946273,True
"[1191, 3, 3649, 590, 2688, 443, 1283, 119, 2594, 3260, 296, 0, 0, 0, 0, 0, 0, 0, 0, 0]",Business & Markets,Business & Markets,0.99501956,True
"[1, 871, 872, 1387, 4247, 4248, 0, 0, 0, 0, 0, 0, 0, 0, 0, 0, 0, 0, 0, 0]",Business & Markets,Business & Markets,0.98460335,True
"[324, 575, 65, 4317, 2063, 456, 1634, 1970, 3107, 590, 630, 1474, 0, 0, 0, 0, 0, 0, 0, 0]",Business & Markets,Business & Markets,0.9878687,True
"[3057, 3058, 136, 101, 1, 1, 1, 25, 87, 1947, 0, 0, 0, 0, 0, 0, 0, 0, 0, 0]",Business & Markets,Business & Markets,0.8867043,True
"[621, 1, 48, 1, 2916, 16, 2917, 441, 0, 0, 0, 0, 0, 0, 0, 0, 0, 0, 0, 0]",Business & Markets,Business & Markets,0.97742486,True
"[252, 1, 100, 84, 1738, 2767, 2227, 100, 2242, 3122, 1704, 905, 1479, 300, 1, 0, 0, 0, 0, 0]",Business & Markets,Business & Markets,0.91583097,True
"[3527, 4, 720, 2876, 4661, 694, 2956, 16, 160, 3323, 4662, 0, 0, 0, 0, 0, 0, 0, 0, 0]",Business & Markets,Business & Markets,0.7717983,True
"[1113, 326, 7, 3401, 3402, 3691, 3402, 96, 3405, 197, 22, 218, 3397, 822, 0, 0, 0, 0, 0, 0]",Technology,Technology,0.9876808,True
"[637, 638, 974, 4562, 75, 443, 1807, 735, 0, 0, 0, 0, 0, 0, 0, 0, 0, 0, 0, 0]",Business & Markets,Business & Markets,0.99401665,True
"[1, 4955, 2900, 625, 100, 44, 149, 0, 0, 0, 0, 0, 0, 0, 0, 0, 0, 0, 0, 0]",Business & Markets,Business & Markets,0.98999316,True
"[2798, 550, 1328, 1, 2799, 331, 277, 2744, 2800, 0, 0, 0, 0, 0, 0, 0, 0, 0, 0, 0]",Business & Markets,Business & Markets,0.92438245,True
"[1383, 110, 1656, 1885, 197, 68, 124, 1, 2328, 987, 0, 0, 0, 0, 0, 0, 0, 0, 0, 0]",Technology,Technology,0.96702105,True
"[499, 3268, 683, 136, 1, 64, 3322, 16, 1, 0, 0, 0, 0, 0, 0, 0, 0, 0, 0, 0]",Business & Markets,Politics,0.44001403,False
"[481, 482, 4522, 4523, 25, 670, 4524, 3766, 2630, 2048, 28, 772, 376, 773, 0, 0, 0, 0, 0, 0]",Politics,Politics,0.98627776,True
"[4918, 277, 1332, 96, 2594, 55, 1307, 4918, 1427, 1554, 96, 1436, 1307, 326, 644, 9, 1251, 3477, 0, 0]",Business & Markets,Business & Markets,0.84783196,True
"[3695, 903, 536, 326, 16, 3414, 197, 28, 1, 9, 28, 241, 1, 9, 28, 917, 2660, 0, 0, 0]",Business & Markets,Business & Markets,0.88351655,True
"[1043, 3582, 54, 394, 1007, 157, 3583, 9, 209, 181, 731, 0, 0, 0, 0, 0, 0, 0, 0, 0]",Business & Markets,Business & Markets,0.9908963,True
"[1, 209, 1549, 1370, 1, 25, 569, 173, 1094, 1095, 748, 0, 0, 0, 0, 0, 0, 0, 0, 0]",Business & Markets,Politics,0.7631321,False
"[3171, 25, 1, 1023, 1, 201, 401, 737, 738, 0, 0, 0, 0, 0, 0, 0, 0, 0, 0, 0]",Business & Markets,Business & Markets,0.91111237,True
"[1, 872, 1183, 1892, 1, 1, 3707, 1019, 1093, 3707, 96, 1, 2145, 119, 2164, 218, 3708, 0, 0, 0]",Business & Markets,Health,0.56306905,False
"[1689, 1370, 3787, 3725, 3785, 2682, 170, 748, 2032, 0, 0, 0, 0, 0, 0, 0, 0, 0, 0, 0]",Technology,Technology,0.9374,True
"[2952, 1, 1, 70, 1246, 197, 1387, 2953, 191, 1, 136, 2422, 398, 2048, 1568, 0, 0, 0, 0, 0]",Business & Markets,Business & Markets,0.9767358,True
"[913, 2091, 50, 61, 1, 2048, 28, 3232, 4076, 1160, 1204, 2182, 799, 1494, 955, 0, 0, 0, 0, 0]",Business & Markets,Business & Markets,0.9824609,True
"[1, 2064, 149, 58, 2065, 25, 1869, 2066, 16, 28, 209, 0, 0, 0, 0, 0, 0, 0, 0, 0]",Business & Markets,Business & Markets,0.8394343,True
"[1, 4642, 2238, 2453, 3752, 75, 149, 170, 2416, 122, 16, 762, 442, 96, 76, 1, 3578, 9, 738, 503]",Business & Markets,Business & Markets,0.99819714,True
"[76, 2086, 5108, 974, 4562, 536, 651, 75, 4008, 765, 5109, 556, 1387, 1946, 2087, 781, 9, 4958, 0, 0]",Business & Markets,Business & Markets,0.99967587,True
"[3674, 96, 2154, 3675, 3676, 810, 277, 3477, 596, 0, 0, 0, 0, 0, 0, 0, 0, 0, 0, 0]",Business & Markets,Business & Markets,0.9747863,True
"[4917, 1586, 326, 153, 154, 149, 155, 156, 0, 0, 0, 0, 0, 0, 0, 0, 0, 0, 0, 0]",Business & Markets,Business & Markets,0.9972263,True
"[759, 1516, 442, 724, 16, 615, 0, 0, 0, 0, 0, 0, 0, 0, 0, 0, 0, 0, 0, 0]",Business & Markets,Business & Markets,0.9902524,True
"[1, 473, 1, 1128, 1681, 111, 1843, 694, 1, 1901, 2164, 1697, 1682, 0, 0, 0, 0, 0, 0, 0]",Business & Markets,Business & Markets,0.8829093,True
"[206, 1, 1732, 715, 191, 1631, 1733, 166, 100, 189, 357, 473, 1218, 0, 0, 0, 0, 0, 0, 0]",Politics,Politics,0.76244885,True
"[664, 2056, 1988, 1206, 443, 25, 715, 2764, 157, 65, 3086, 16, 3087, 154, 0, 0, 0, 0, 0, 0]",Business & Markets,Business & Markets,0.9992656,True
"[73, 310, 1751, 787, 103, 315, 4949, 612, 519, 1928, 28, 3163, 157, 4950, 0, 0, 0, 0, 0, 0]",Business & Markets,Business & Markets,0.9758757,True
"[4917, 1586, 3672, 1922, 9, 4958, 1807, 119, 4959, 678, 9, 1, 1807, 119, 3690, 0, 0, 0, 0, 0]",Business & Markets,Business & Markets,0.994959,True
"[1, 1, 661, 2638, 25, 1, 218, 1, 0, 0, 0, 0, 0, 0, 0, 0, 0, 0, 0, 0]",Energy,Business & Markets,0.46423322,False
"[4387, 2792, 2992, 300, 455, 459, 25, 388, 68, 4663, 97, 1380, 254, 2919, 0, 0, 0, 0, 0, 0]",Business & Markets,Technology,0.85561204,False
"[3250, 287, 326, 905, 273, 1, 16, 209, 0, 0, 0, 0, 0, 0, 0, 0, 0, 0, 0, 0]",Business & Markets,Business & Markets,0.51457787,True
"[611, 1093, 68, 2119, 2120, 100, 2121, 2122, 197, 218, 2123, 1, 96, 778, 911, 585, 0, 0, 0, 0]",Technology,Technology,0.992747,True
"[28, 1, 4382, 1, 4751, 68, 2290, 1121, 3967, 1, 1, 98, 0, 0, 0, 0, 0, 0, 0, 0]",Technology,Technology,0.9508096,True
"[2767, 114, 1642, 44, 13, 149, 2767, 118, 1178, 205, 384, 50, 2870, 547, 316, 61, 96, 1, 157, 471]",Business & Markets,Business & Markets,0.99907076,True
"[4999, 260, 582, 9, 5000, 2234, 1337, 1671, 376, 25, 5001, 16, 176, 96, 25, 5002, 16, 176, 96, 4361]",Business & Markets,Business & Markets,0.9632974,True
"[2076, 1, 536, 2067, 7, 218, 1, 1, 118, 2924, 1, 1, 821, 1, 16, 7, 2133, 1, 4158, 100]",Technology,Energy,0.5305377,False
"[1544, 689, 633, 1545, 1014, 9, 1546, 13, 694, 331, 678, 1547, 0, 0, 0, 0, 0, 0, 0, 0]",Business & Markets,Business & Markets,0.9965593,True
"[4712, 25, 810, 153, 154, 149, 156, 0, 0, 0, 0, 0, 0, 0, 0, 0, 0, 0, 0, 0]",Business & Markets,Business & Markets,0.9943218,True
"[1, 46, 326, 743, 631, 96, 579, 1431, 596, 197, 1, 0, 0, 0, 0, 0, 0, 0, 0, 0]",Business & Markets,Business & Markets,0.96314406,True
"[4650, 465, 1334, 1697, 1475, 1435, 952, 1090, 2468, 3858, 3859, 2470, 1520, 1039, 706, 25, 3860, 0, 0, 0]",Business & Markets,Business & Markets,0.99256516,True
"[1, 1908, 3440, 2152, 2073, 211, 100, 841, 1, 1965, 1, 0, 0, 0, 0, 0, 0, 0, 0, 0]",Technology,Health,0.95299923,False
"[1, 3656, 3893, 3635, 3654, 3655, 3894, 111, 3657, 151, 0, 0, 0, 0, 0, 0, 0, 0, 0, 0]",Politics,Politics,0.74122137,True
"[4038, 2234, 4040, 4038, 4714, 220, 788, 3278, 3049, 1038, 4715, 4716, 0, 0, 0, 0, 0, 0, 0, 0]",Politics,Health,0.9797171,False
"[3496, 209, 625, 1332, 1307, 28, 1307, 2650, 9, 644, 2078, 100, 28, 3497, 120, 3477, 157, 22, 1044, 2128]",Business & Markets,Business & Markets,0.98832315,True
"[1, 743, 2275, 3077, 97, 2920, 2921, 197, 1, 2537, 1785, 151, 0, 0, 0, 0, 0, 0, 0, 0]",Business & Markets,Business & Markets,0.8035498,True
"[4904, 54, 2301, 3666, 3667, 3608, 50, 3668, 3031, 28, 706, 9, 3358, 536, 50, 1891, 25, 2470, 0, 0]",Business & Markets,Business & Markets,0.99983037,True
"[329, 1, 1578, 1494, 1090, 1597, 96, 1, 1094, 1095, 1598, 0, 0, 0, 0, 0, 0, 0, 0, 0]",Technology,Business & Markets,0.71846366,False
"[1, 1855, 1710, 1, 1274, 1634, 25, 1464, 3090, 26, 470, 1247, 9, 1, 0, 0, 0, 0, 0, 0]",Business & Markets,Business & Markets,0.983457,True
"[2596, 398, 1062, 25, 547, 174, 1123, 0, 0, 0, 0, 0, 0, 0, 0, 0, 0, 0, 0, 0]",Business & Markets,Politics,0.7522054,False
"[2741, 4093, 2962, 117, 16, 4094, 119, 457, 4095, 0, 0, 0, 0, 0, 0, 0, 0, 0, 0, 0]",Politics,Politics,0.56315875,True
"[1281, 1147, 246, 2925, 2926, 1262, 2629, 1607, 0, 0, 0, 0, 0, 0, 0, 0, 0, 0, 0, 0]",Politics,Politics,0.632875,True
"[1, 53, 903, 25, 1484, 362, 25, 3063, 694, 441, 300, 1022, 2820, 1263, 1, 556, 1387, 0, 0, 0]",Business & Markets,Business & Markets,0.997759,True
"[1338, 1, 3339, 4803, 1029, 1676, 9, 424, 1031, 1032, 0, 0, 0, 0, 0, 0, 0, 0, 0, 0]",Politics,Business & Markets,0.5986799,False
"[56, 50, 1, 2162, 2596, 115, 83, 1, 466, 0, 0, 0, 0, 0, 0, 0, 0, 0, 0, 0]",Technology,Technology,0.8555289,True
"[28, 1, 1, 3261, 326, 22, 4488, 156, 100, 149, 0, 0, 0, 0, 0, 0, 0, 0, 0, 0]",Business & Markets,Business & Markets,0.97427124,True
"[2667, 723, 724, 157, 28, 444, 100, 4966, 2963, 0, 0, 0, 0, 0, 0, 0, 0, 0, 0, 0]",Business & Markets,Business & Markets,0.9546452,True
"[136, 1, 2185, 1, 64, 1, 1307, 2275, 1703, 0, 0, 0, 0, 0, 0, 0, 0, 0, 0, 0]",Business & Markets,Business & Markets,0.95903707,True
"[405, 2882, 2883, 1, 16, 400, 191, 1, 515, 162, 267, 0, 0, 0, 0, 0, 0, 0, 0, 0]",Politics,Politics,0.9221617,True
"[1, 908, 290, 2999, 3915, 25, 3131, 1, 893, 3916, 96, 2629, 1, 25, 83, 3917, 0, 0, 0, 0]",Technology,Energy,0.39211938,False
"[1, 53, 640, 598, 2547, 28, 1554, 1639, 0, 0, 0, 0, 0, 0, 0, 0, 0, 0, 0, 0]",Business & Markets,Business & Markets,0.9941042,True
"[1350, 314, 1022, 1351, 1352, 1353, 157, 209, 43, 96, 28, 1204, 1354, 70, 81, 104, 1355, 60, 61, 0]",Business & Markets,Business & Markets,0.99834895,True
"[28, 1, 252, 253, 733, 104, 1165, 0, 0, 0, 0, 0, 0, 0, 0, 0, 0, 0, 0, 0]",Business & Markets,Business & Markets,0.8065555,True
"[1778, 1340, 111, 2960, 1, 16, 112, 113, 157, 708, 296, 0, 0, 0, 0, 0, 0, 0, 0, 0]",Business & Markets,Business & Markets,0.85666585,True
"[3119, 3120, 1988, 1205, 3119, 3049, 532, 54, 25, 26, 2997, 218, 1634, 1274, 0, 0, 0, 0, 0, 0]",Business & Markets,Business & Markets,0.9964635,True
"[487, 488, 500, 25, 501, 282, 9, 502, 503, 234, 504, 505, 506, 134, 0, 0, 0, 0, 0, 0]",Business & Markets,Business & Markets,0.9399698,True
"[56, 25, 1164, 16, 28, 428, 1247, 600, 44, 1738, 0, 0, 0, 0, 0, 0, 0, 0, 0, 0]",Business & Markets,Business & Markets,0.8128149,True
"[3532, 25, 854, 3533, 201, 9, 3534, 237, 3199, 0, 0, 0, 0, 0, 0, 0, 0, 0, 0, 0]",Business & Markets,Business & Markets,0.9834004,True
"[3890, 362, 1, 1723, 300, 3541, 197, 59, 43, 28, 286, 2815, 0, 0, 0, 0, 0, 0, 0, 0]",Business & Markets,Business & Markets,0.9946056,True
"[3195, 155, 2657, 762, 641, 3104, 25, 1223, 1, 16, 2688, 149, 191, 929, 287, 3281, 4400, 0, 0, 0]",Business & Markets,Business & Markets,0.9995536,True
"[3906, 1294, 326, 28, 175, 9, 3906, 2896, 1, 0, 0, 0, 0, 0, 0, 0, 0, 0, 0, 0]",Technology,Business & Markets,0.8763419,False
"[1, 987, 110, 1498, 2186, 694, 1, 57, 1266, 16, 1, 0, 0, 0, 0, 0, 0, 0, 0, 0]",Politics,Business & Markets,0.4316358,False
"[3850, 821, 1, 866, 959, 1, 362, 191, 1250, 3878, 1, 0, 0, 0, 0, 0, 0, 0, 0, 0]",Technology,Energy,0.30467162,False
"[4750, 1, 0, 0, 0, 0, 0, 0, 0, 0, 0, 0, 0, 0, 0, 0, 0, 0, 0, 0]",Business & Markets,Business & Markets,0.80083406,True
"[1, 1896, 1486, 1251, 625, 300, 1, 7, 1387, 2031, 3897, 2039, 25, 2470, 9, 310, 84, 4106, 0, 0]",Business & Markets,Business & Markets,0.9944252,True
"[697, 3900, 1, 4281, 840, 16, 3452, 9, 1, 1897, 25, 1, 1, 0, 0, 0, 0, 0, 0, 0]",Politics,Business & Markets,0.4370463,False
"[1, 1521, 326, 625, 0, 0, 0, 0, 0, 0, 0, 0, 0, 0, 0, 0, 0, 0, 0, 0]",Business & Markets,Business & Markets,0.9831768,True
"[1, 233, 92, 441, 1326, 1, 2706, 25, 7, 1442, 4234, 4264, 0, 0, 0, 0, 0, 0, 0, 0]",Business & Markets,Business & Markets,0.98763436,True
"[2203, 260, 582, 9, 3445, 1069, 1781, 0, 0, 0, 0, 0, 0, 0, 0, 0, 0, 0, 0, 0]",Business & Markets,Business & Markets,0.9758952,True
"[2793, 2794, 687, 1, 2794, 96, 2795, 799, 0, 0, 0, 0, 0, 0, 0, 0, 0, 0, 0, 0]",Business & Markets,Business & Markets,0.9699574,True
"[209, 1971, 3132, 3198, 959, 100, 46, 1781, 1306, 4779, 0, 0, 0, 0, 0, 0, 0, 0, 0, 0]",Business & Markets,Business & Markets,0.99074346,True
"[760, 761, 651, 1, 2061, 100, 1, 2765, 3335, 0, 0, 0, 0, 0, 0, 0, 0, 0, 0, 0]",Business & Markets,Business & Markets,0.9784589,True
"[1, 1, 953, 310, 442, 300, 162, 1, 4190, 4191, 0, 0, 0, 0, 0, 0, 0, 0, 0, 0]",Politics,Business & Markets,0.65492517,False
"[466, 170, 611, 4671, 1, 822, 1310, 3586, 0, 0, 0, 0, 0, 0, 0, 0, 0, 0, 0, 0]",Technology,Technology,0.9580446,True
"[5063, 449, 96, 5064, 25, 591, 218, 4, 1002, 28, 1461, 1867, 5065, 300, 1462, 149, 0, 0, 0, 0]",Health,Health,0.99417454,True
"[760, 761, 443, 1807, 735, 157, 1297, 1091, 657, 829, 310, 668, 0, 0, 0, 0, 0, 0, 0, 0]",Business & Markets,Business & Markets,0.99677366,True
"[727, 252, 711, 712, 16, 345, 2027, 1771, 1099, 209, 1944, 0, 0, 0, 0, 0, 0, 0, 0, 0]",Politics,Business & Markets,0.73644024,False
"[4996, 4997, 25, 152, 153, 154, 149, 155, 156, 157, 598, 44, 85, 149, 0, 0, 0, 0, 0, 0]",Business & Markets,Business & Markets,0.9981627,True
"[28, 288, 50, 1022, 1722, 25, 1538, 1786, 1147, 3333, 31, 1, 2843, 3273, 0, 0, 0, 0, 0, 0]",Business & Markets,Technology,0.8422483,False
"[2589, 727, 401, 1, 694, 64, 1, 287, 9, 727, 0, 0, 0, 0, 0, 0, 0, 0, 0, 0]",Business & Markets,Business & Markets,0.82786274,True
"[4202, 486, 1804, 9, 1806, 197, 115, 464, 512, 96, 205, 0, 0, 0, 0, 0, 0, 0, 0, 0]",Technology,Business & Markets,0.7615133,False
"[3245, 306, 3246, 2640, 1592, 0, 0, 0, 0, 0, 0, 0, 0, 0, 0, 0, 0, 0, 0, 0]",Business & Markets,Business & Markets,0.9906283,True
"[4334, 4335, 828, 362, 3328, 3279, 16, 75, 149, 0, 0, 0, 0, 0, 0, 0, 0, 0, 0, 0]",Business & Markets,Business & Markets,0.9797655,True
"[541, 1959, 16, 169, 2976, 3038, 0, 0, 0, 0, 0, 0, 0, 0, 0, 0, 0, 0, 0, 0]",Politics,Politics,0.9505916,True
"[7, 2901, 25, 28, 29, 1, 9, 68, 1806, 1535, 466, 115, 96, 3484, 0, 0, 0, 0, 0, 0]",Business & Markets,Technology,0.9788069,False
"[1, 3712, 1329, 136, 152, 2202, 100, 759, 0, 0, 0, 0, 0, 0, 0, 0, 0, 0, 0, 0]",Business & Markets,Business & Markets,0.9001965,True
"[1, 53, 620, 191, 28, 617, 1639, 255, 157, 28, 428, 0, 0, 0, 0, 0, 0, 0, 0, 0]",Business & Markets,Business & Markets,0.93599194,True
"[48, 515, 25, 258, 254, 212, 70, 1, 16, 3332, 14, 15, 1108, 0, 0, 0, 0, 0, 0, 0]",Politics,Business & Markets,0.8297695,False
"[5029, 337, 537, 529, 157, 5030, 817, 0, 0, 0, 0, 0, 0, 0, 0, 0, 0, 0, 0, 0]",Business & Markets,Business & Markets,0.9092435,True
"[2752, 2753, 96, 1, 564, 1, 2754, 2063, 25, 68, 2365, 1054, 1, 25, 996, 1128, 2605, 1, 2755, 869]",Business & Markets,Technology,0.8322226,False
"[212, 558, 1, 166, 714, 78, 117, 16, 1, 723, 0, 0, 0, 0, 0, 0, 0, 0, 0, 0]",Business & Markets,Business & Markets,0.7121997,True
"[680, 1677, 287, 170, 25, 4442, 1307, 1873, 300, 917, 543, 157, 84, 928, 0, 0, 0, 0, 0, 0]",Business & Markets,Politics,0.5050202,False
"[621, 1, 630, 1204, 3608, 3597, 3529, 53, 3340, 536, 1956, 1957, 3597, 3529, 53, 624, 3340, 1484, 0, 0]",Business & Markets,Business & Markets,0.9990004,True
"[5003, 4716, 3076, 1307, 326, 1251, 3477, 0, 0, 0, 0, 0, 0, 0, 0, 0, 0, 0, 0, 0]",Business & Markets,Business & Markets,0.9668942,True
"[1735, 1232, 2887, 25, 1, 1, 457, 827, 306, 53, 1102, 170, 0, 0, 0, 0, 0, 0, 0, 0]",Business & Markets,Business & Markets,0.9001652,True
"[3450, 1631, 170, 831, 157, 4374, 141, 104, 1711, 9, 28, 1471, 16, 134, 49, 2262, 334, 0, 0, 0]",Politics,Politics,0.8977052,True
"[67, 1, 724, 15, 924, 4000, 1, 0, 0, 0, 0, 0, 0, 0, 0, 0, 0, 0, 0, 0]",Business & Markets,Business & Markets,0.9755164,True
"[3191, 1, 1, 4417, 25, 1, 4599, 917, 9, 918, 0, 0, 0, 0, 0, 0, 0, 0, 0, 0]",Business & Markets,Business & Markets,0.92376524,True
"[68, 1154, 1, 2242, 1057, 221, 961, 197, 1, 1, 3207, 96, 221, 9, 1, 0, 0, 0, 0, 0]",Business & Markets,Technology,0.9730017,False
"[1, 1954, 326, 1617, 3607, 156, 96, 1, 9, 207, 3607, 1484, 0, 0, 0, 0, 0, 0, 0, 0]",Business & Markets,Business & Markets,0.9750456,True
"[410, 3217, 205, 1, 406, 96, 50, 1734, 1202, 25, 2796, 2532, 1, 3218, 585, 0, 0, 0, 0, 0]",Politics,Business & Markets,0.29158634,False
"[2326, 2327, 832, 46, 449, 3513, 1, 1, 3018, 839, 1149, 197, 218, 1, 3421, 0, 0, 0, 0, 0]",Technology,Technology,0.54018545,True
"[3411, 800, 3412, 326, 664, 157, 155, 3413, 2842, 16, 3414, 197, 3415, 2782, 2007, 96, 929, 2446, 0, 0]",Business & Markets,Business & Markets,0.99982554,True
"[1325, 489, 170, 1702, 157, 1, 2975, 1, 1, 1, 1716, 2976, 0, 0, 0, 0, 0, 0, 0, 0]",Business & Markets,Politics,0.9539897,False
"[509, 277, 926, 25, 854, 197, 109, 100, 928, 14, 0, 0, 0, 0, 0, 0, 0, 0, 0, 0]",Business & Markets,Business & Markets,0.9890966,True
"[408, 2325, 1836, 1209, 526, 1722, 25, 104, 916, 9, 4711, 4710, 170, 0, 0, 0, 0, 0, 0, 0]",Politics,Politics,0.9930633,True
"[4492, 515, 168, 16, 175, 9, 2034, 4599, 1, 672, 4255, 0, 0, 0, 0, 0, 0, 0, 0, 0]",Energy,Business & Markets,0.8122487,False
"[621, 1137, 4120, 391, 53, 624, 1956, 2458, 1, 53, 624, 4122, 0, 0, 0, 0, 0, 0, 0, 0]",Business & Markets,Business & Markets,0.9945852,True
"[28, 473, 430, 4145, 57, 1062, 25, 1530, 206, 432, 433, 1193, 111, 449, 1867, 0, 0, 0, 0, 0]",Politics,Politics,0.6222917,True
"[4371, 2938, 43, 362, 157, 4373, 1101, 732, 1151, 43, 117, 0, 0, 0, 0, 0, 0, 0, 0, 0]",Business & Markets,Business & Markets,0.99322927,True
"[3564, 96, 2970, 1080, 1226, 100, 1, 1909, 1290, 1, 0, 0, 0, 0, 0, 0, 0, 0, 0, 0]",Politics,Politics,0.848892,True
"[4495, 898, 3405, 100, 2115, 4496, 7, 218, 2454, 1585, 100, 1034, 0, 0, 0, 0, 0, 0, 0, 0]",Business & Markets,Technology,0.95777357,False
"[1, 1061, 170, 380, 50, 1062, 25, 1063, 1064, 1065, 0, 0, 0, 0, 0, 0, 0, 0, 0, 0]",Politics,Politics,0.92490965,True
"[4039, 529, 157, 3195, 155, 53, 4040, 1431, 2011, 166, 2444, 157, 3497, 1483, 1, 0, 0, 0, 0, 0]",Business & Markets,Business & Markets,0.99805546,True
"[76, 2086, 5048, 5049, 3826, 53, 325, 334, 2688, 678, 1, 1946, 2087, 781, 9, 1, 0, 0, 0, 0]",Business & Markets,Business & Markets,0.9927625,True
"[973, 441, 1007, 157, 2204, 444, 4, 2197, 456, 0, 0, 0, 0, 0, 0, 0, 0, 0, 0, 0]",Technology,Business & Markets,0.96708864,False
"[218, 1879, 302, 1, 301, 302, 2395, 16, 1, 2491, 1, 554, 4823, 2346, 4527, 111, 1, 96, 1, 2346]",Business & Markets,Energy,0.58377993,False
"[209, 59, 174, 2596, 898, 2834, 1585, 25, 3100, 2947, 2090, 0, 0, 0, 0, 0, 0, 0, 0, 0]",Technology,Technology,0.9723156,True
"[697, 751, 2266, 631, 9, 1, 2029, 2998, 100, 162, 1517, 3009, 0, 0, 0, 0, 0, 0, 0, 0]",Politics,Politics,0.81291693,True
"[412, 1, 660, 25, 661, 662, 1, 166, 25, 663, 664, 157, 410, 0, 0, 0, 0, 0, 0, 0]",Politics,Politics,0.5276871,True
"[611, 832, 833, 834, 28, 835, 96, 836, 837, 197, 838, 68, 0, 0, 0, 0, 0, 0, 0, 0]",Technology,Technology,0.9925684,True
"[4034, 53, 1954, 326, 3455, 9, 4035, 908, 2007, 0, 0, 0, 0, 0, 0, 0, 0, 0, 0, 0]",Business & Markets,Business & Markets,0.9653373,True
"[494, 478, 67, 128, 1437, 300, 1229, 390, 946, 499, 1178, 1614, 1, 1014, 7, 0, 0, 0, 0, 0]",Energy,Energy,0.8529,True
"[509, 170, 1455, 4632, 636, 2128, 4633, 542, 4344, 728, 3282, 4634, 0, 0, 0, 0, 0, 0, 0, 0]",Business & Markets,Business & Markets,0.9790967,True
"[1431, 4562, 536, 75, 149, 76, 295, 84, 13, 149, 0, 0, 0, 0, 0, 0, 0, 0, 0, 0]",Business & Markets,Business & Markets,0.9990926,True
"[1, 1093, 1470, 1, 568, 25, 4021, 4065, 3202, 1416, 96, 1, 1479, 0, 0, 0, 0, 0, 0, 0]",Health,Technology,0.5610747,False
"[3629, 872, 2900, 3258, 625, 2031, 157, 968, 29, 149, 0, 0, 0, 0, 0, 0, 0, 0, 0, 0]",Business & Markets,Business & Markets,0.98909926,True
"[1809, 1810, 727, 326, 744, 4441, 0, 0, 0, 0, 0, 0, 0, 0, 0, 0, 0, 0, 0, 0]",Business & Markets,Business & Markets,0.987428,True
"[3385, 4226, 1797, 775, 1081, 100, 329, 321, 475, 1, 0, 0, 0, 0, 0, 0, 0, 0, 0, 0]",Politics,Politics,0.9686905,True
"[509, 510, 249, 640, 78, 590, 287, 76, 822, 43, 101, 0, 0, 0, 0, 0, 0, 0, 0, 0]",Business & Markets,Business & Markets,0.998323,True
"[2954, 2657, 2955, 25, 68, 2013, 197, 218, 822, 25, 175, 134, 113, 0, 0, 0, 0, 0, 0, 0]",Technology,Technology,0.9792251,True
"[538, 1245, 4011, 3815, 3815, 3816, 3817, 1863, 157, 3818, 9, 70, 9, 4041, 0, 0, 0, 0, 0, 0]",Business & Markets,Business & Markets,0.99900144,True
"[1101, 419, 1586, 40, 157, 4054, 4, 771, 0, 0, 0, 0, 0, 0, 0, 0, 0, 0, 0, 0]",Business & Markets,Business & Markets,0.9572695,True
"[1444, 1445, 1446, 96, 1447, 1, 1448, 1, 300, 28, 1, 1, 560, 0, 0, 0, 0, 0, 0, 0]",Energy,Business & Markets,0.42790267,False
"[1, 2456, 25, 810, 153, 154, 149, 155, 156, 157, 945, 144, 149, 0, 0, 0, 0, 0, 0, 0]",Business & Markets,Business & Markets,0.99865603,True
"[2737, 170, 4677, 1229, 2864, 64, 2596, 57, 3075, 16, 2737, 4701, 0, 0, 0, 0, 0, 0, 0, 0]",Technology,Technology,0.87070113,True
"[621, 2894, 1199, 3926, 1660, 3373, 762, 743, 1968, 0, 0, 0, 0, 0, 0, 0, 0, 0, 0, 0]",Business & Markets,Business & Markets,0.9764555,True
"[1156, 205, 1, 1469, 16, 169, 1510, 2537, 1156, 205, 0, 0, 0, 0, 0, 0, 0, 0, 0, 0]",Politics,Politics,0.9473302,True
"[1, 3758, 2063, 2597, 1041, 28, 4003, 196, 4539, 22, 2872, 2873, 0, 0, 0, 0, 0, 0, 0, 0]",Business & Markets,Business & Markets,0.960932,True
"[2003, 2004, 326, 1987, 2005, 2006, 2007, 0, 0, 0, 0, 0, 0, 0, 0, 0, 0, 0, 0, 0]",Business & Markets,Business & Markets,0.98813695,True
"[1658, 201, 3224, 166, 25, 3225, 157, 68, 25, 1, 2758, 1703, 0, 0, 0, 0, 0, 0, 0, 0]",Business & Markets,Technology,0.91846466,False
"[3904, 4622, 96, 1885, 3033, 921, 3478, 258, 122, 0, 0, 0, 0, 0, 0, 0, 0, 0, 0, 0]",Business & Markets,Business & Markets,0.98328227,True
"[1289, 1757, 620, 331, 4559, 1488, 4403, 0, 0, 0, 0, 0, 0, 0, 0, 0, 0, 0, 0, 0]",Business & Markets,Business & Markets,0.95084524,True
"[1639, 529, 155, 0, 0, 0, 0, 0, 0, 0, 0, 0, 0, 0, 0, 0, 0, 0, 0, 0]",Business & Markets,Business & Markets,0.96082306,True
"[1, 25, 152, 345, 154, 813, 113, 120, 76, 157, 44, 85, 0, 0, 0, 0, 0, 0, 0, 0]",Business & Markets,Business & Markets,0.99357396,True
"[287, 9, 1186, 1346, 1347, 308, 16, 1348, 678, 25, 1176, 443, 1349, 0, 0, 0, 0, 0, 0, 0]",Business & Markets,Business & Markets,0.9895678,True
"[4636, 1, 803, 96, 221, 9, 2934, 2121, 1433, 7, 2097, 3663, 4033, 25, 108, 1, 9, 1, 0, 0]",Business & Markets,Business & Markets,0.70176315,True
"[1191, 3, 54, 1154, 1, 1, 31, 76, 127, 1192, 380, 409, 1193, 0, 0, 0, 0, 0, 0, 0]",Business & Markets,Business & Markets,0.9880697,True
"[1194, 1340, 4456, 25, 1, 4, 2226, 0, 0, 0, 0, 0, 0, 0, 0, 0, 0, 0, 0, 0]",Business & Markets,Business & Markets,0.9789797,True
"[1, 2571, 1, 1, 758, 0, 0, 0, 0, 0, 0, 0, 0, 0, 0, 0, 0, 0, 0, 0]",Business & Markets,Politics,0.709717,False
"[218, 4, 170, 2335, 96, 698, 2281, 57, 28, 286, 1, 2048, 1, 96, 408, 2712, 0, 0, 0, 0]",Politics,Technology,0.738552,False
"[1, 1241, 2483, 1, 14, 213, 1069, 25, 400, 1233, 99, 1234, 0, 0, 0, 0, 0, 0, 0, 0]",Politics,Politics,0.9773262,True
"[1265, 25, 2889, 2928, 1944, 197, 209, 300, 2929, 809, 2629, 871, 334, 0, 0, 0, 0, 0, 0, 0]",Politics,Politics,0.5711978,True
"[2786, 499, 1178, 476, 191, 2787, 1021, 269, 1488, 0, 0, 0, 0, 0, 0, 0, 0, 0, 0, 0]",Energy,Energy,0.8799325,True
"[2965, 1, 515, 2966, 64, 923, 2967, 1, 0, 0, 0, 0, 0, 0, 0, 0, 0, 0, 0, 0]",Business & Markets,Business & Markets,0.89340085,True
"[457, 1370, 4908, 3161, 3049, 2021, 25, 1, 4756, 196, 0, 0, 0, 0, 0, 0, 0, 0, 0, 0]",Business & Markets,Business & Markets,0.70224875,True
"[1, 3701, 687, 1, 2392, 748, 16, 750, 2223, 1, 0, 0, 0, 0, 0, 0, 0, 0, 0, 0]",Energy,Business & Markets,0.85568845,False
"[49, 149, 1, 980, 50, 380, 96, 1739, 831, 141, 1740, 1741, 0, 0, 0, 0, 0, 0, 0, 0]",Politics,Politics,0.92012143,True
"[19, 1356, 50, 1357, 1358, 64, 199, 200, 25, 1359, 27, 315, 25, 303, 380, 0, 0, 0, 0, 0]",Business & Markets,Business & Markets,0.94947827,True
"[1, 1, 943, 345, 656, 2574, 442, 100, 945, 0, 0, 0, 0, 0, 0, 0, 0, 0, 0, 0]",Business & Markets,Business & Markets,0.96615946,True
"[1, 1093, 1257, 2170, 197, 1812, 1320, 1, 2171, 1284, 2172, 110, 1, 124, 96, 1732, 1970, 2173, 2174, 0]",Technology,Business & Markets,0.70259964,False
"[1, 352, 2611, 1, 2612, 9, 907, 288, 0, 0, 0, 0, 0, 0, 0, 0, 0, 0, 0, 0]",Business & Markets,Business & Markets,0.27648053,True
"[4689, 4915, 25, 1675, 4688, 1245, 16, 1126, 1261, 170, 0, 0, 0, 0, 0, 0, 0, 0, 0, 0]",Politics,Politics,0.85025954,True
"[4051, 538, 1245, 4011, 3815, 3815, 3816, 3817, 1863, 157, 3818, 9, 70, 9, 4051, 0, 0, 0, 0, 0]",Business & Markets,Business & Markets,0.9987174,True
"[0, 0, 0, 0, 0, 0, 0, 0, 0, 0, 0, 0, 0, 0, 0, 0, 0, 0, 0, 0]",Business & Markets,Business & Markets,0.8426573,True
"[494, 478, 67, 155, 1054, 1437, 300, 1229, 390, 946, 28, 2818, 286, 306, 57, 4204, 28, 1702, 50, 33]",Business & Markets,Business & Markets,0.9567836,True
"[1, 4132, 141, 4141, 1023, 4429, 9, 1, 1, 96, 1, 27, 315, 82, 127, 1192, 7, 1, 9, 28]",Business & Markets,Energy,0.35426646,False
"[223, 1708, 96, 302, 513, 157, 679, 9, 1101, 181, 526, 0, 0, 0, 0, 0, 0, 0, 0, 0]",Business & Markets,Business & Markets,0.99582267,True
"[2440, 2441, 2442, 9, 2443, 2444, 2445, 929, 2446, 1489, 25, 590, 587, 296, 0, 0, 0, 0, 0, 0]",Business & Markets,Business & Markets,0.99269134,True
"[28, 2015, 223, 2210, 675, 5088, 25, 5089, 4, 2226, 0, 0, 0, 0, 0, 0, 0, 0, 0, 0]",Business & Markets,Business & Markets,0.93639517,True
"[1, 1, 59, 96, 28, 2236, 3094, 3878, 2534, 64, 2783, 0, 0, 0, 0, 0, 0, 0, 0, 0]",Business & Markets,Business & Markets,0.54598856,True
"[3714, 46, 1185, 326, 3455, 9, 2269, 694, 3415, 2782, 2007, 0, 0, 0, 0, 0, 0, 0, 0, 0]",Business & Markets,Business & Markets,0.9837571,True
"[1350, 314, 1022, 1351, 1352, 1353, 157, 209, 43, 96, 28, 1204, 1354, 70, 81, 104, 1355, 60, 61, 0]",Business & Markets,Business & Markets,0.99834895,True
"[3629, 3090, 677, 625, 300, 3772, 7, 1387, 2031, 3419, 29, 25, 2470, 9, 310, 191, 9, 3897, 1305, 0]",Business & Markets,Business & Markets,0.99977654,True
"[5010, 903, 536, 326, 587, 812, 295, 25, 1205, 153, 154, 149, 155, 156, 0, 0, 0, 0, 0, 0]",Business & Markets,Business & Markets,0.9985409,True
"[1481, 1482, 431, 1483, 14, 747, 1484, 64, 1485, 3779, 529, 0, 0, 0, 0, 0, 0, 0, 0, 0]",Business & Markets,Business & Markets,0.996861,True
"[18, 3168, 4768, 394, 0, 0, 0, 0, 0, 0, 0, 0, 0, 0, 0, 0, 0, 0, 0, 0]",Business & Markets,Business & Markets,0.9756545,True
"[209, 1592, 1, 2584, 25, 3243, 630, 374, 166, 100, 2050, 306, 0, 0, 0, 0, 0, 0, 0, 0]",Business & Markets,Business & Markets,0.9262634,True
"[5046, 25, 2051, 153, 154, 149, 155, 156, 157, 945, 144, 149, 0, 0, 0, 0, 0, 0, 0, 0]",Business & Markets,Business & Markets,0.9985669,True
"[729, 3857, 2470, 1530, 5005, 5006, 1484, 0, 0, 0, 0, 0, 0, 0, 0, 0, 0, 0, 0, 0]",Business & Markets,Business & Markets,0.938052,True
"[317, 216, 318, 319, 320, 25, 1, 209, 321, 322, 323, 0, 0, 0, 0, 0, 0, 0, 0, 0]",Business & Markets,Politics,0.5727051,False
"[2916, 16, 2917, 441, 0, 0, 0, 0, 0, 0, 0, 0, 0, 0, 0, 0, 0, 0, 0, 0]",Business & Markets,Business & Markets,0.98339915,True
"[769, 1391, 1, 54, 255, 962, 361, 1814, 2220, 0, 0, 0, 0, 0, 0, 0, 0, 0, 0, 0]",Business & Markets,Business & Markets,0.99272645,True
"[445, 25, 2863, 282, 447, 16, 218, 529, 3241, 25, 245, 380, 3242, 1, 0, 0, 0, 0, 0, 0]",Technology,Technology,0.47651964,True
"[1, 338, 645, 1636, 3592, 25, 953, 2150, 68, 1427, 1492, 0, 0, 0, 0, 0, 0, 0, 0, 0]",Business & Markets,Technology,0.9416047,False
"[4433, 1307, 2186, 1, 1, 4652, 694, 1, 317, 1307, 0, 0, 0, 0, 0, 0, 0, 0, 0, 0]",Business & Markets,Business & Markets,0.9269832,True
"[3351, 25, 258, 3352, 599, 694, 25, 3353, 3354, 111, 3355, 1965, 789, 1638, 0, 0, 0, 0, 0, 0]",Business & Markets,Business & Markets,0.8671868,True
"[2070, 1093, 136, 1223, 197, 2071, 16, 838, 68, 2072, 96, 2073, 2074, 100, 28, 545, 2075, 149, 2051, 0]",Technology,Technology,0.9813369,True
"[2802, 2803, 1905, 196, 100, 1854, 1, 672, 3061, 2804, 16, 345, 100, 277, 3062, 0, 0, 0, 0, 0]",Business & Markets,Business & Markets,0.79208875,True
"[1044, 3337, 1020, 29, 2710, 3011, 16, 3234, 131, 157, 310, 0, 0, 0, 0, 0, 0, 0, 0, 0]",Business & Markets,Business & Markets,0.92958266,True
"[1, 152, 2870, 414, 1329, 157, 2804, 0, 0, 0, 0, 0, 0, 0, 0, 0, 0, 0, 0, 0]",Health,Energy,0.3052794,False
"[1, 528, 326, 2445, 929, 2446, 9, 2839, 0, 0, 0, 0, 0, 0, 0, 0, 0, 0, 0, 0]",Business & Markets,Business & Markets,0.9873734,True
"[4071, 935, 119, 936, 937, 100, 938, 0, 0, 0, 0, 0, 0, 0, 0, 0, 0, 0, 0, 0]",Business & Markets,Business & Markets,0.958201,True
"[759, 44, 13, 0, 0, 0, 0, 0, 0, 0, 0, 0, 0, 0, 0, 0, 0, 0, 0, 0]",Business & Markets,Business & Markets,0.9826812,True
"[1, 4228, 1370, 691, 3433, 420, 743, 100, 3436, 694, 0, 0, 0, 0, 0, 0, 0, 0, 0, 0]",Business & Markets,Business & Markets,0.9531585,True
"[3385, 170, 346, 767, 457, 1526, 127, 104, 4237, 2942, 516, 1682, 0, 0, 0, 0, 0, 0, 0, 0]",Politics,Politics,0.99210304,True
"[127, 1, 68, 1209, 1, 1, 267, 28, 1209, 136, 0, 0, 0, 0, 0, 0, 0, 0, 0, 0]",Technology,Technology,0.9647735,True
"[5099, 536, 25, 152, 153, 154, 149, 156, 157, 945, 1229, 149, 0, 0, 0, 0, 0, 0, 0, 0]",Business & Markets,Business & Markets,0.99854773,True
"[1391, 9, 1, 213, 340, 1316, 1, 3753, 50, 1796, 28, 1474, 9, 803, 0, 0, 0, 0, 0, 0]",Politics,Politics,0.8849099,True
"[621, 2788, 743, 3882, 624, 1956, 1957, 3882, 624, 0, 0, 0, 0, 0, 0, 0, 0, 0, 0, 0]",Business & Markets,Business & Markets,0.98842245,True
"[1, 1896, 677, 76, 1206, 56, 82, 71, 25, 72, 0, 0, 0, 0, 0, 0, 0, 0, 0, 0]",Business & Markets,Business & Markets,0.96818316,True
"[2501, 2242, 7, 218, 2294, 1091, 100, 28, 2502, 2503, 16, 2504, 96, 2505, 1426, 0, 0, 0, 0, 0]",Business & Markets,Business & Markets,0.86238635,True
"[4909, 630, 325, 2037, 441, 9, 2314, 302, 325, 0, 0, 0, 0, 0, 0, 0, 0, 0, 0, 0]",Business & Markets,Business & Markets,0.9903059,True
"[1, 1, 326, 1, 3118, 4575, 1378, 96, 3136, 4576, 1218, 300, 4577, 149, 0, 0, 0, 0, 0, 0]",Health,Business & Markets,0.7958064,False
"[5060, 989, 214, 537, 1613, 149, 762, 743, 1453, 529, 0, 0, 0, 0, 0, 0, 0, 0, 0, 0]",Business & Markets,Business & Markets,0.998251,True
"[1, 1, 2759, 1648, 2760, 157, 345, 428, 9, 2761, 0, 0, 0, 0, 0, 0, 0, 0, 0, 0]",Business & Markets,Business & Markets,0.93083304,True
"[3705, 255, 5083, 25, 5084, 4, 2226, 0, 0, 0, 0, 0, 0, 0, 0, 0, 0, 0, 0, 0]",Business & Markets,Business & Markets,0.9622926,True
"[4867, 53, 4868, 454, 4869, 155, 1054, 1061, 4870, 3729, 0, 0, 0, 0, 0, 0, 0, 0, 0, 0]",Business & Markets,Business & Markets,0.9592962,True
"[4867, 53, 4868, 454, 4869, 155, 1054, 1061, 4870, 3729, 0, 0, 0, 0, 0, 0, 0, 0, 0, 0]",Business & Markets,Business & Markets,0.9592962,True
"[2824, 1964, 2825, 1859, 25, 854, 2826, 2827, 2828, 2048, 2829, 792, 0, 0, 0, 0, 0, 0, 0, 0]",Business & Markets,Business & Markets,0.90763795,True
"[759, 615, 1893, 442, 62, 516, 157, 824, 289, 0, 0, 0, 0, 0, 0, 0, 0, 0, 0, 0]",Business & Markets,Business & Markets,0.9888544,True
"[2192, 1, 640, 78, 4899, 4356, 1751, 0, 0, 0, 0, 0, 0, 0, 0, 0, 0, 0, 0, 0]",Business & Markets,Business & Markets,0.87770516,True
"[1, 909, 1559, 357, 25, 1, 4, 2226, 0, 0, 0, 0, 0, 0, 0, 0, 0, 0, 0, 0]",Business & Markets,Business & Markets,0.9701384,True
"[368, 1771, 4569, 4822, 4757, 4823, 25, 4816, 300, 4824, 4, 2226, 0, 0, 0, 0, 0, 0, 0, 0]",Business & Markets,Business & Markets,0.9888841,True
"[1935, 302, 96, 1936, 1080, 1434, 1226, 25, 1937, 1697, 546, 16, 1938, 0, 0, 0, 0, 0, 0, 0]",Business & Markets,Business & Markets,0.9794495,True
"[3530, 116, 236, 2097, 629, 111, 1, 743, 4116, 16, 1, 196, 0, 0, 0, 0, 0, 0, 0, 0]",Business & Markets,Business & Markets,0.8413092,True
"[1498, 4652, 1468, 300, 124, 191, 4596, 821, 2577, 2269, 3757, 16, 4653, 0, 0, 0, 0, 0, 0, 0]",Business & Markets,Business & Markets,0.9684396,True
"[1, 1158, 7, 1159, 1160, 100, 70, 315, 221, 1161, 1, 1147, 25, 1057, 110, 0, 0, 0, 0, 0]",Business & Markets,Business & Markets,0.6939755,True
"[1677, 287, 25, 1, 1, 157, 84, 928, 331, 1673, 1674, 95, 706, 1, 0, 0, 0, 0, 0, 0]",Business & Markets,Politics,0.72929037,False
"[980, 68, 1, 1, 140, 141, 110, 2700, 2303, 0, 0, 0, 0, 0, 0, 0, 0, 0, 0, 0]",Technology,Technology,0.96608835,True
"[1, 797, 798, 1, 799, 0, 0, 0, 0, 0, 0, 0, 0, 0, 0, 0, 0, 0, 0, 0]",Business & Markets,Business & Markets,0.8786046,True
"[2394, 655, 301, 2395, 300, 2396, 197, 2397, 2398, 9, 2399, 558, 2400, 16, 160, 149, 551, 2401, 0, 0]",Energy,Energy,0.98445225,True
"[1, 1460, 2577, 1, 694, 908, 2007, 0, 0, 0, 0, 0, 0, 0, 0, 0, 0, 0, 0, 0]",Business & Markets,Business & Markets,0.9525684,True
"[4359, 326, 4359, 3402, 7, 2170, 9, 151, 3241, 25, 1565, 315, 2127, 3756, 201, 96, 1472, 150, 1027, 0]",Technology,Technology,0.85931575,True
"[4457, 43, 1365, 362, 1, 2984, 2441, 0, 0, 0, 0, 0, 0, 0, 0, 0, 0, 0, 0, 0]",Business & Markets,Business & Markets,0.98794913,True
"[1, 1887, 182, 1729, 2079, 2689, 76, 0, 0, 0, 0, 0, 0, 0, 0, 0, 0, 0, 0, 0]",Business & Markets,Business & Markets,0.95607,True
"[329, 1627, 25, 1007, 1, 64, 1288, 1039, 1, 209, 2905, 1814, 170, 0, 0, 0, 0, 0, 0, 0]",Politics,Politics,0.99158597,True
"[621, 2894, 4644, 4646, 1, 762, 743, 1968, 0, 0, 0, 0, 0, 0, 0, 0, 0, 0, 0, 0]",Business & Markets,Business & Markets,0.9503205,True
"[0, 0, 0, 0, 0, 0, 0, 0, 0, 0, 0, 0, 0, 0, 0, 0, 0, 0, 0, 0]",Politics,Business & Markets,0.8426573,False
"[22, 484, 428, 1, 484, 0, 0, 0, 0, 0, 0, 0, 0, 0, 0, 0, 0, 0, 0, 0]",Business & Markets,Business & Markets,0.854013,True
"[408, 517, 329, 111, 2884, 1, 209, 290, 2328, 3907, 1, 1219, 1650, 0, 0, 0, 0, 0, 0, 0]",Politics,Politics,0.9874879,True
"[1, 1526, 1464, 694, 2956, 16, 1026, 2006, 1489, 1, 300, 1, 1, 181, 0, 0, 0, 0, 0, 0]",Business & Markets,Business & Markets,0.9737511,True
"[5034, 903, 1433, 3889, 1, 25, 1, 9, 362, 25, 2135, 694, 2309, 7, 4555, 441, 0, 0, 0, 0]",Business & Markets,Business & Markets,0.96818775,True
"[1, 4675, 1, 474, 1, 9, 3686, 1039, 218, 3278, 1, 0, 0, 0, 0, 0, 0, 0, 0, 0]",Politics,Politics,0.7982744,True
"[75, 149, 209, 2923, 1468, 152, 836, 1960, 331, 2613, 2178, 2005, 3669, 3140, 976, 0, 0, 0, 0, 0]",Business & Markets,Business & Markets,0.9949609,True
"[1, 2044, 1034, 1307, 326, 241, 96, 1706, 3416, 320, 0, 0, 0, 0, 0, 0, 0, 0, 0, 0]",Business & Markets,Business & Markets,0.98235464,True
"[1334, 28, 4604, 4605, 1192, 4606, 4607, 1328, 4153, 25, 1757, 4608, 97, 821, 2888, 0, 0, 0, 0, 0]",Business & Markets,Business & Markets,0.9373711,True
"[223, 3369, 331, 553, 251, 252, 4557, 0, 0, 0, 0, 0, 0, 0, 0, 0, 0, 0, 0, 0]",Politics,Business & Markets,0.5617072,False
"[206, 427, 428, 13, 116, 259, 206, 13, 14, 7, 428, 3385, 170, 0, 0, 0, 0, 0, 0, 0]",Politics,Politics,0.9949183,True
"[909, 1593, 1594, 620, 191, 70, 1595, 252, 1596, 0, 0, 0, 0, 0, 0, 0, 0, 0, 0, 0]",Business & Markets,Business & Markets,0.98806214,True
"[1, 2057, 812, 295, 157, 160, 154, 156, 0, 0, 0, 0, 0, 0, 0, 0, 0, 0, 0, 0]",Business & Markets,Business & Markets,0.9817916,True
"[1, 1836, 1058, 4631, 25, 1, 258, 1901, 206, 427, 0, 0, 0, 0, 0, 0, 0, 0, 0, 0]",Politics,Politics,0.9895439,True
"[209, 287, 985, 384, 191, 986, 987, 9, 988, 16, 989, 136, 990, 482, 235, 989, 991, 992, 993, 1]",Business & Markets,Business & Markets,0.9939255,True
"[4257, 964, 4258, 4259, 4260, 2997, 3816, 1824, 4261, 536, 4257, 70, 25, 4262, 28, 1370, 381, 3049, 1108, 2309]",Politics,Business & Markets,0.99669135,False
"[973, 1922, 9, 1, 1807, 119, 1, 678, 9, 1, 1807, 119, 1, 0, 0, 0, 0, 0, 0, 0]",Business & Markets,Business & Markets,0.8876524,True
"[4846, 326, 3404, 320, 157, 318, 962, 3585, 4847, 0, 0, 0, 0, 0, 0, 0, 0, 0, 0, 0]",Business & Markets,Business & Markets,0.96619743,True
"[1611, 441, 724, 78, 75, 762, 642, 707, 679, 0, 0, 0, 0, 0, 0, 0, 0, 0, 0, 0]",Business & Markets,Business & Markets,0.9975809,True
"[1026, 527, 2570, 278, 3756, 748, 300, 1, 177, 0, 0, 0, 0, 0, 0, 0, 0, 0, 0, 0]",Energy,Technology,0.33392623,False
"[209, 1062, 25, 366, 329, 197, 1944, 111, 405, 499, 314, 1832, 688, 25, 661, 0, 0, 0, 0, 0]",Politics,Politics,0.9829223,True
"[4495, 898, 3405, 100, 2115, 4496, 7, 218, 2454, 1585, 100, 1034, 0, 0, 0, 0, 0, 0, 0, 0]",Technology,Technology,0.95777357,True
"[318, 509, 494, 1178, 384, 191, 1933, 76, 156, 2079, 3567, 0, 0, 0, 0, 0, 0, 0, 0, 0]",Business & Markets,Business & Markets,0.9969022,True
"[3013, 287, 1306, 1996, 1, 4413, 1959, 25, 138, 0, 0, 0, 0, 0, 0, 0, 0, 0, 0, 0]",Business & Markets,Business & Markets,0.691698,True
"[408, 517, 25, 1698, 1479, 100, 1151, 1152, 22, 3032, 1615, 1, 0, 0, 0, 0, 0, 0, 0, 0]",Politics,Politics,0.9917557,True
"[1843, 1, 25, 1850, 100, 28, 134, 1851, 1343, 1739, 116, 104, 1852, 0, 0, 0, 0, 0, 0, 0]",Business & Markets,Business & Markets,0.5508828,True
"[839, 840, 667, 841, 842, 843, 191, 7, 844, 25, 685, 845, 16, 846, 847, 848, 789, 0, 0, 0]",Health,Health,0.99462765,True
"[28, 1042, 147, 3247, 100, 2938, 1, 149, 3248, 2938, 0, 0, 0, 0, 0, 0, 0, 0, 0, 0]",Business & Markets,Business & Markets,0.984582,True
"[1, 1, 2514, 1, 4510, 1370, 2126, 25, 1, 1, 197, 1358, 1, 2201, 0, 0, 0, 0, 0, 0]",Politics,Business & Markets,0.41423106,False
"[1439, 2491, 173, 96, 1, 1084, 100, 2934, 9, 251, 252, 1, 0, 0, 0, 0, 0, 0, 0, 0]",Politics,Politics,0.47076297,True
"[5039, 5040, 898, 2019, 456, 166, 768, 111, 1312, 14, 1, 119, 1705, 441, 724, 78, 868, 0, 0, 0]",Business & Markets,Business & Markets,0.99634945,True
"[1396, 2260, 4905, 362, 28, 54, 136, 3566, 3960, 116, 104, 134, 0, 0, 0, 0, 0, 0, 0, 0]",Health,Business & Markets,0.9824056,False
"[209, 3041, 218, 287, 2183, 119, 3992, 197, 330, 25, 408, 0, 0, 0, 0, 0, 0, 0, 0, 0]",Politics,Politics,0.9873825,True
"[209, 43, 384, 962, 1125, 428, 9, 2777, 0, 0, 0, 0, 0, 0, 0, 0, 0, 0, 0, 0]",Business & Markets,Business & Markets,0.9910591,True
"[31, 50, 28, 209, 1945, 3506, 432, 690, 213, 2205, 0, 0, 0, 0, 0, 0, 0, 0, 0, 0]",Politics,Politics,0.936034,True
"[1, 1604, 2304, 2539, 197, 1, 1, 2624, 1, 1, 1305, 25, 442, 0, 0, 0, 0, 0, 0, 0]",Business & Markets,Business & Markets,0.7374918,True
"[5032, 1147, 908, 2007, 9, 121, 441, 441, 724, 78, 868, 0, 0, 0, 0, 0, 0, 0, 0, 0]",Business & Markets,Business & Markets,0.98882675,True
"[31, 1, 1, 1, 4216, 16, 28, 1, 68, 1, 568, 4856, 380, 2683, 7, 1, 0, 0, 0, 0]",Technology,Technology,0.8747066,True
"[1, 933, 111, 68, 377, 78, 1990, 4216, 0, 0, 0, 0, 0, 0, 0, 0, 0, 0, 0, 0]",Business & Markets,Technology,0.95475847,False
"[4769, 433, 25, 1523, 209, 206, 427, 3038, 2232, 100, 4331, 16, 430, 772, 2976, 0, 0, 0, 0, 0]",Politics,Politics,0.9790998,True
"[2565, 4690, 1093, 1652, 668, 25, 4749, 1, 0, 0, 0, 0, 0, 0, 0, 0, 0, 0, 0, 0]",Energy,Energy,0.8561306,True
"[2912, 1239, 1240, 1241, 205, 329, 457, 184, 162, 775, 276, 0, 0, 0, 0, 0, 0, 0, 0, 0]",Politics,Politics,0.8833893,True
"[293, 2589, 2249, 54, 633, 3042, 470, 3966, 640, 0, 0, 0, 0, 0, 0, 0, 0, 0, 0, 0]",Business & Markets,Business & Markets,0.98692644,True
"[1894, 1895, 1, 1896, 1326, 1, 1897, 25, 1898, 1, 1, 1899, 1900, 0, 0, 0, 0, 0, 0, 0]",Politics,Health,0.65733576,False
"[2734, 996, 1988, 156, 443, 357, 1128, 25, 3042, 4214, 2739, 0, 0, 0, 0, 0, 0, 0, 0, 0]",Business & Markets,Business & Markets,0.99446577,True
"[3259, 1954, 1988, 120, 76, 295, 84, 13, 149, 0, 0, 0, 0, 0, 0, 0, 0, 0, 0, 0]",Business & Markets,Business & Markets,0.9977719,True
"[3570, 3261, 326, 3190, 9, 4186, 0, 0, 0, 0, 0, 0, 0, 0, 0, 0, 0, 0, 0, 0]",Technology,Business & Markets,0.94889915,False
"[315, 50, 2836, 1643, 1, 282, 100, 1, 3081, 0, 0, 0, 0, 0, 0, 0, 0, 0, 0, 0]",Business & Markets,Business & Markets,0.86902726,True
"[2778, 1, 53, 1, 627, 905, 2781, 2048, 2782, 2783, 0, 0, 0, 0, 0, 0, 0, 0, 0, 0]",Business & Markets,Business & Markets,0.9627588,True
"[2366, 2367, 2111, 1461, 2368, 2369, 570, 197, 743, 64, 2370, 0, 0, 0, 0, 0, 0, 0, 0, 0]",Health,Health,0.93909353,True
"[218, 2008, 934, 1492, 326, 7, 218, 1, 3984, 2007, 3535, 570, 0, 0, 0, 0, 0, 0, 0, 0]",Health,Technology,0.49616453,False
"[3161, 1, 723, 3162, 2198, 16, 759, 733, 3163, 2048, 29, 0, 0, 0, 0, 0, 0, 0, 0, 0]",Energy,Business & Markets,0.906162,False
"[2749, 1896, 1679, 326, 44, 207, 3477, 3895, 64, 4834, 1771, 0, 0, 0, 0, 0, 0, 0, 0, 0]",Business & Markets,Business & Markets,0.9847473,True
"[4449, 429, 14, 4450, 582, 116, 236, 2629, 2560, 0, 0, 0, 0, 0, 0, 0, 0, 0, 0, 0]",Business & Markets,Business & Markets,0.91859514,True
"[1, 155, 75, 4008, 765, 1972, 4980, 1946, 4935, 2576, 1972, 429, 0, 0, 0, 0, 0, 0, 0, 0]",Business & Markets,Business & Markets,0.99641573,True
"[1, 96, 1, 821, 1691, 68, 100, 727, 197, 1, 1, 3755, 0, 0, 0, 0, 0, 0, 0, 0]",Business & Markets,Technology,0.9481711,False
"[1502, 4284, 191, 7, 1391, 16, 149, 4168, 4070, 4365, 100, 2072, 4366, 100, 4367, 3828, 100, 1248, 4130, 113]",Business & Markets,Business & Markets,0.99834216,True
"[621, 4123, 2180, 1954, 4123, 2180, 1, 762, 743, 1968, 0, 0, 0, 0, 0, 0, 0, 0, 0, 0]",Business & Markets,Business & Markets,0.49267438,True
"[201, 1, 9, 28, 1771, 1613, 149, 1, 1, 3207, 221, 9, 1, 1, 432, 9, 3332, 694, 0, 0]",Business & Markets,Business & Markets,0.98335385,True
"[218, 1, 804, 2657, 371, 1057, 1, 100, 1, 0, 0, 0, 0, 0, 0, 0, 0, 0, 0, 0]",Technology,Health,0.470122,False
"[408, 170, 680, 392, 1154, 1, 25, 2943, 2035, 499, 64, 410, 0, 0, 0, 0, 0, 0, 0, 0]",Politics,Politics,0.99511945,True
"[4985, 1552, 1679, 4962, 1, 75, 443, 1807, 679, 0, 0, 0, 0, 0, 0, 0, 0, 0, 0, 0]",Business & Markets,Business & Markets,0.99461454,True
"[1, 1, 3561, 454, 1280, 656, 197, 1, 1, 0, 0, 0, 0, 0, 0, 0, 0, 0, 0, 0]",Business & Markets,Business & Markets,0.69996583,True
"[1, 2210, 249, 1, 640, 300, 1, 4, 2226, 0, 0, 0, 0, 0, 0, 0, 0, 0, 0, 0]",Business & Markets,Business & Markets,0.94435793,True
"[3026, 3027, 578, 4582, 1, 191, 2466, 1550, 0, 0, 0, 0, 0, 0, 0, 0, 0, 0, 0, 0]",Business & Markets,Business & Markets,0.9052764,True
"[1, 25, 564, 4465, 1, 119, 1204, 113, 0, 0, 0, 0, 0, 0, 0, 0, 0, 0, 0, 0]",Business & Markets,Business & Markets,0.6429777,True
"[611, 1808, 2072, 1427, 678, 25, 104, 1, 14, 16, 4598, 0, 0, 0, 0, 0, 0, 0, 0, 0]",Business & Markets,Technology,0.846049,False
"[538, 2301, 28, 4498, 1370, 3817, 3031, 3358, 536, 50, 4499, 7, 1891, 1274, 100, 22, 908, 2470, 0, 0]",Business & Markets,Business & Markets,0.99940264,True
"[759, 517, 1212, 197, 3909, 1245, 111, 1840, 1615, 25, 209, 529, 0, 0, 0, 0, 0, 0, 0, 0]",Politics,Politics,0.9387597,True
"[3728, 2292, 687, 3588, 3825, 68, 3826, 1361, 1664, 570, 3827, 0, 0, 0, 0, 0, 0, 0, 0, 0]",Technology,Technology,0.97390795,True
"[76, 3308, 1191, 3, 651, 250, 75, 3636, 0, 0, 0, 0, 0, 0, 0, 0, 0, 0, 0, 0]",Business & Markets,Business & Markets,0.99714917,True
"[1, 4848, 157, 4910, 1586, 1245, 119, 2005, 1, 0, 0, 0, 0, 0, 0, 0, 0, 0, 0, 0]",Health,Business & Markets,0.9143802,False
"[4039, 529, 157, 345, 2008, 4042, 1431, 2011, 166, 2444, 157, 44, 85, 1100, 0, 0, 0, 0, 0, 0]",Business & Markets,Business & Markets,0.985946,True
"[1986, 1647, 1987, 241, 9, 1, 97, 1986, 1402, 1, 0, 0, 0, 0, 0, 0, 0, 0, 0, 0]",Business & Markets,Business & Markets,0.95752966,True
"[1, 1959, 471, 4000, 1483, 100, 345, 34, 16, 41, 145, 0, 0, 0, 0, 0, 0, 0, 0, 0]",Business & Markets,Business & Markets,0.9308594,True
"[3193, 3194, 148, 671, 3195, 25, 4509, 157, 2681, 271, 0, 0, 0, 0, 0, 0, 0, 0, 0, 0]",Politics,Politics,0.93679136,True
"[410, 3545, 3327, 2963, 25, 1309, 2629, 4075, 3320, 170, 0, 0, 0, 0, 0, 0, 0, 0, 0, 0]",Politics,Politics,0.9450107,True
"[408, 50, 2723, 205, 1944, 314, 380, 1621, 1791, 329, 50, 1966, 28, 252, 253, 0, 0, 0, 0, 0]",Politics,Politics,0.98163706,True
"[223, 1181, 357, 78, 1, 76, 456, 469, 1705, 0, 0, 0, 0, 0, 0, 0, 0, 0, 0, 0]",Business & Markets,Business & Markets,0.99597174,True
"[4045, 3463, 465, 197, 4046, 25, 4047, 1785, 4048, 4031, 4049, 0, 0, 0, 0, 0, 0, 0, 0, 0]",Health,Business & Markets,0.90055627,False
"[3609, 3610, 357, 78, 2238, 550, 3566, 1867, 25, 1587, 449, 568, 0, 0, 0, 0, 0, 0, 0, 0]",Health,Health,0.95116675,True
"[538, 1245, 4011, 3815, 3815, 3816, 3817, 1863, 157, 3818, 9, 70, 9, 4155, 0, 0, 0, 0, 0, 0]",Business & Markets,Business & Markets,0.9984256,True
"[1, 2143, 1878, 3700, 1526, 362, 2269, 78, 1, 2764, 175, 0, 0, 0, 0, 0, 0, 0, 0, 0]",Technology,Business & Markets,0.7275843,False
"[751, 4881, 3754, 28, 408, 3030, 64, 4865, 1885, 1901, 28, 206, 427, 0, 0, 0, 0, 0, 0, 0]",Politics,Politics,0.9931478,True
"[1639, 529, 449, 1867, 0, 0, 0, 0, 0, 0, 0, 0, 0, 0, 0, 0, 0, 0, 0, 0]",Health,Health,0.84036237,True
"[930, 326, 931, 932, 54, 933, 441, 62, 1128, 0, 0, 0, 0, 0, 0, 0, 0, 0, 0, 0]",Business & Markets,Business & Markets,0.9983734,True
"[209, 50, 1569, 157, 1, 1069, 25, 1151, 25, 721, 14, 119, 1, 929, 432, 167, 0, 0, 0, 0]",Business & Markets,Politics,0.53678447,False
"[2846, 25, 3588, 482, 25, 1049, 408, 2317, 1901, 427, 0, 0, 0, 0, 0, 0, 0, 0, 0, 0]",Politics,Politics,0.9925437,True
"[1631, 25, 1632, 1633, 1286, 1607, 1634, 0, 0, 0, 0, 0, 0, 0, 0, 0, 0, 0, 0, 0]",Politics,Politics,0.81038046,True
"[3026, 3027, 1, 804, 25, 522, 2110, 0, 0, 0, 0, 0, 0, 0, 0, 0, 0, 0, 0, 0]",Business & Markets,Politics,0.54304546,False
"[466, 465, 197, 464, 25, 1551, 878, 26, 151, 16, 445, 1, 2695, 1123, 323, 0, 0, 0, 0, 0]",Business & Markets,Technology,0.95543134,False
"[1809, 1810, 53, 25, 1, 1, 2636, 2637, 100, 1902, 809, 0, 0, 0, 0, 0, 0, 0, 0, 0]",Business & Markets,Business & Markets,0.9543284,True
"[1435, 952, 1370, 2467, 3857, 3858, 3859, 70, 1530, 3860, 196, 0, 0, 0, 0, 0, 0, 0, 0, 0]",Business & Markets,Business & Markets,0.99785644,True
"[1, 1380, 1054, 1093, 2158, 124, 96, 887, 1, 16, 899, 469, 579, 2159, 96, 905, 2160, 0, 0, 0]",Business & Markets,Business & Markets,0.93933034,True
"[1, 1736, 90, 689, 329, 3165, 209, 25, 3512, 68, 0, 0, 0, 0, 0, 0, 0, 0, 0, 0]",Technology,Politics,0.91432995,False
"[3883, 25, 3884, 1, 25, 3423, 2660, 2094, 170, 1, 1608, 0, 0, 0, 0, 0, 0, 0, 0, 0]",Energy,Politics,0.9025698,False
"[329, 50, 3823, 380, 4322, 25, 1192, 321, 475, 1403, 1310, 3916, 167, 168, 0, 0, 0, 0, 0, 0]",Politics,Politics,0.9191456,True
"[191, 329, 209, 2013, 100, 2285, 364, 3314, 1027, 25, 245, 235, 0, 0, 0, 0, 0, 0, 0, 0]",Politics,Politics,0.96429515,True
"[4814, 365, 513, 78, 76, 1, 1, 43, 1, 96, 1, 3412, 1007, 0, 0, 0, 0, 0, 0, 0]",Business & Markets,Business & Markets,0.9928515,True
"[28, 68, 1318, 1330, 1158, 100, 28, 1, 1702, 2706, 25, 2213, 3297, 0, 0, 0, 0, 0, 0, 0]",Business & Markets,Technology,0.9861778,False
"[531, 152, 209, 1944, 116, 2713, 456, 3165, 3166, 3167, 16, 759, 0, 0, 0, 0, 0, 0, 0, 0]",Politics,Politics,0.82461685,True
"[5077, 1, 170, 181, 2613, 50, 3550, 1501, 1, 0, 0, 0, 0, 0, 0, 0, 0, 0, 0, 0]",Business & Markets,Politics,0.8821414,False
"[4332, 170, 3391, 1226, 25, 1, 4332, 3218, 568, 25, 4333, 1, 100, 7, 1636, 914, 1453, 9, 1, 1]",Business & Markets,Health,0.8726782,False
"[1997, 155, 1003, 1486, 677, 625, 300, 1, 2031, 5045, 1305, 25, 2470, 9, 310, 157, 3419, 1305, 0, 0]",Business & Markets,Business & Markets,0.99778736,True
"[1, 25, 524, 362, 382, 96, 2172, 4426, 25, 1190, 157, 1561, 3239, 0, 0, 0, 0, 0, 0, 0]",Business & Markets,Business & Markets,0.7107148,True
"[1146, 1147, 157, 1148, 1, 96, 1, 1, 1149, 119, 1150, 68, 0, 0, 0, 0, 0, 0, 0, 0]",Politics,Business & Markets,0.37147242,False
"[4036, 538, 1245, 4011, 3815, 3815, 3816, 3817, 1863, 157, 3818, 9, 70, 9, 4037, 0, 0, 0, 0, 0]",Business & Markets,Business & Markets,0.9984999,True
"[173, 1, 1, 174, 25, 175, 176, 177, 16, 178, 0, 0, 0, 0, 0, 0, 0, 0, 0, 0]",Business & Markets,Technology,0.31217146,False
"[57, 1864, 4906, 2834, 1263, 1786, 246, 148, 0, 0, 0, 0, 0, 0, 0, 0, 0, 0, 0, 0]",Health,Health,0.59995466,True
"[4073, 687, 68, 4074, 0, 0, 0, 0, 0, 0, 0, 0, 0, 0, 0, 0, 0, 0, 0, 0]",Technology,Technology,0.98047274,True
"[2263, 898, 218, 2264, 1945, 96, 273, 1220, 720, 0, 0, 0, 0, 0, 0, 0, 0, 0, 0, 0]",Technology,Technology,0.97241396,True
"[111, 1, 1, 96, 1, 2637, 4369, 683, 1, 2864, 0, 0, 0, 0, 0, 0, 0, 0, 0, 0]",Business & Markets,Business & Markets,0.726743,True
"[1639, 529, 150, 0, 0, 0, 0, 0, 0, 0, 0, 0, 0, 0, 0, 0, 0, 0, 0, 0]",Business & Markets,Business & Markets,0.970229,True
"[1, 4386, 1, 369, 218, 209, 4386, 1893, 96, 1, 16, 1, 1, 1, 0, 0, 0, 0, 0, 0]",Business & Markets,Business & Markets,0.6880954,True
"[1, 1794, 334, 2664, 1, 456, 16, 442, 1453, 25, 1, 2739, 16, 1988, 2740, 0, 0, 0, 0, 0]",Business & Markets,Business & Markets,0.9784184,True
"[67, 3454, 1221, 201, 1323, 25, 2599, 209, 331, 68, 560, 158, 252, 2600, 0, 0, 0, 0, 0, 0]",Business & Markets,Technology,0.6524696,False
"[3571, 1109, 2629, 1516, 2210, 357, 0, 0, 0, 0, 0, 0, 0, 0, 0, 0, 0, 0, 0, 0]",Business & Markets,Politics,0.7647712,False
"[382, 383, 157, 384, 16, 176, 25, 385, 386, 387, 0, 0, 0, 0, 0, 0, 0, 0, 0, 0]",Technology,Technology,0.77915525,True
"[3232, 364, 25, 1057, 1, 4218, 16, 1, 548, 933, 0, 0, 0, 0, 0, 0, 0, 0, 0, 0]",Business & Markets,Business & Markets,0.36818892,True
"[5105, 326, 166, 25, 854, 5106, 0, 0, 0, 0, 0, 0, 0, 0, 0, 0, 0, 0, 0, 0]",Business & Markets,Business & Markets,0.9793114,True
"[287, 9, 1186, 760, 761, 384, 78, 1414, 156, 0, 0, 0, 0, 0, 0, 0, 0, 0, 0, 0]",Business & Markets,Business & Markets,0.98647565,True
"[1, 1650, 1, 3513, 3915, 25, 1, 1, 1, 4370, 16, 1, 1, 96, 4096, 1, 300, 623, 3201, 9]",Health,Health,0.8769421,True
"[0, 0, 0, 0, 0, 0, 0, 0, 0, 0, 0, 0, 0, 0, 0, 0, 0, 0, 0, 0]",Business & Markets,Business & Markets,0.8426573,True
"[2022, 2657, 3326, 762, 641, 642, 456, 100, 149, 191, 1, 196, 1093, 136, 1387, 0, 0, 0, 0, 0]",Business & Markets,Business & Markets,0.99911255,True
"[2229, 366, 1811, 382, 1639, 314, 275, 16, 2230, 1474, 0, 0, 0, 0, 0, 0, 0, 0, 0, 0]",Politics,Business & Markets,0.54824674,False
"[4770, 4771, 3, 1211, 3217, 4035, 1581, 25, 209, 1648, 0, 0, 0, 0, 0, 0, 0, 0, 0, 0]",Business & Markets,Business & Markets,0.9405357,True
"[1, 1, 2979, 329, 332, 333, 2980, 0, 0, 0, 0, 0, 0, 0, 0, 0, 0, 0, 0, 0]",Politics,Business & Markets,0.58905286,False
"[2737, 1147, 218, 1564, 9, 1443, 2317, 331, 264, 14, 68, 1060, 0, 0, 0, 0, 0, 0, 0, 0]",Technology,Business & Markets,0.6614523,False
"[1, 1, 3609, 3610, 360, 78, 922, 7, 3566, 1867, 175, 0, 0, 0, 0, 0, 0, 0, 0, 0]",Health,Business & Markets,0.4190607,False
"[15, 1194, 96, 1195, 723, 384, 56, 127, 1196, 7, 19, 1197, 0, 0, 0, 0, 0, 0, 0, 0]",Business & Markets,Business & Markets,0.98567945,True
"[3230, 758, 25, 2522, 345, 209, 3231, 562, 692, 16, 1367, 145, 0, 0, 0, 0, 0, 0, 0, 0]",Energy,Business & Markets,0.5992519,False
"[4640, 655, 277, 1671, 3477, 1226, 197, 4641, 100, 2030, 266, 404, 0, 0, 0, 0, 0, 0, 0, 0]",Business & Markets,Business & Markets,0.983286,True
"[148, 1, 59, 43, 25, 26, 16, 149, 0, 0, 0, 0, 0, 0, 0, 0, 0, 0, 0, 0]",Business & Markets,Business & Markets,0.97858787,True
"[621, 3964, 630, 3977, 3978, 624, 1956, 1957, 1, 3965, 0, 0, 0, 0, 0, 0, 0, 0, 0, 0]",Business & Markets,Business & Markets,0.97804123,True
"[1325, 4687, 170, 373, 4533, 68, 141, 1091, 493, 650, 642, 0, 0, 0, 0, 0, 0, 0, 0, 0]",Technology,Technology,0.9548526,True
"[2894, 1147, 124, 631, 2126, 25, 41, 14, 9, 1443, 1228, 0, 0, 0, 0, 0, 0, 0, 0, 0]",Business & Markets,Business & Markets,0.9631869,True
"[7, 1618, 50, 1, 111, 1619, 1, 1620, 0, 0, 0, 0, 0, 0, 0, 0, 0, 0, 0, 0]",Business & Markets,Technology,0.66211146,False
"[690, 3844, 57, 7, 2530, 3845, 9, 251, 3846, 3847, 3808, 170, 0, 0, 0, 0, 0, 0, 0, 0]",Politics,Politics,0.97268695,True
"[1933, 383, 96, 1, 2149, 2150, 1, 821, 1, 1, 197, 68, 2151, 0, 0, 0, 0, 0, 0, 0]",Technology,Technology,0.95329726,True
"[197, 466, 3023, 464, 1, 2583, 2710, 223, 1947, 0, 0, 0, 0, 0, 0, 0, 0, 0, 0, 0]",Technology,Technology,0.94254553,True
"[742, 743, 744, 25, 434, 706, 9, 719, 4, 720, 300, 1183, 914, 1453, 9, 1454, 14, 0, 0, 0]",Business & Markets,Business & Markets,0.9498416,True
"[1658, 1516, 442, 62, 516, 556, 3523, 16, 615, 300, 4108, 14, 0, 0, 0, 0, 0, 0, 0, 0]",Business & Markets,Business & Markets,0.992698,True
"[76, 2086, 4920, 4921, 872, 651, 75, 4008, 765, 1, 556, 1387, 1946, 2087, 781, 9, 4448, 0, 0, 0]",Business & Markets,Business & Markets,0.9994962,True
"[346, 1221, 1286, 1287, 366, 119, 212, 1288, 1289, 1, 1290, 25, 1291, 0, 0, 0, 0, 0, 0, 0]",Politics,Politics,0.9777744,True
"[2737, 1147, 25, 663, 13, 3136, 2033, 1224, 170, 152, 0, 0, 0, 0, 0, 0, 0, 0, 0, 0]",Business & Markets,Politics,0.5259475,False
"[1, 96, 1, 53, 911, 25, 2163, 954, 457, 744, 0, 0, 0, 0, 0, 0, 0, 0, 0, 0]",Business & Markets,Business & Markets,0.79181707,True
"[3553, 3554, 25, 258, 3555, 362, 25, 1252, 14, 100, 3718, 1416, 220, 0, 0, 0, 0, 0, 0, 0]",Health,Health,0.9832745,True
"[1237, 1238, 795, 796, 0, 0, 0, 0, 0, 0, 0, 0, 0, 0, 0, 0, 0, 0, 0, 0]",Business & Markets,Business & Markets,0.9840029,True
"[4932, 917, 9, 918, 3041, 4933, 3477, 0, 0, 0, 0, 0, 0, 0, 0, 0, 0, 0, 0, 0]",Business & Markets,Business & Markets,0.9842053,True
"[2605, 1976, 119, 4858, 4124, 25, 1, 653, 2365, 197, 4859, 4860, 0, 0, 0, 0, 0, 0, 0, 0]",Technology,Technology,0.84118164,True
"[5034, 1433, 25, 198, 4957, 2309, 7, 4555, 441, 100, 4313, 0, 0, 0, 0, 0, 0, 0, 0, 0]",Business & Markets,Business & Markets,0.9819709,True
"[4512, 1250, 25, 591, 300, 28, 2050, 1314, 1420, 587, 812, 157, 44, 4513, 0, 0, 0, 0, 0, 0]",Business & Markets,Business & Markets,0.8680132,True
"[1, 302, 1, 302, 40, 300, 22, 1, 566, 16, 1151, 331, 310, 723, 0, 0, 0, 0, 0, 0]",Business & Markets,Business & Markets,0.93728,True
"[5062, 77, 244, 100, 5078, 14, 459, 16, 209, 1648, 0, 0, 0, 0, 0, 0, 0, 0, 0, 0]",Business & Markets,Business & Markets,0.95086265,True
"[1510, 33, 1, 1743, 2213, 1157, 171, 64, 164, 0, 0, 0, 0, 0, 0, 0, 0, 0, 0, 0]",Politics,Politics,0.9785211,True
"[760, 761, 1807, 677, 735, 157, 457, 1592, 1431, 234, 255, 0, 0, 0, 0, 0, 0, 0, 0, 0]",Business & Markets,Business & Markets,0.9964083,True
"[1, 319, 1487, 839, 844, 3083, 119, 7, 2205, 152, 1, 1, 1, 300, 161, 3464, 839, 788, 2239, 100]",Health,Health,0.9985936,True
"[2654, 4601, 92, 148, 14, 9, 1599, 1228, 197, 4602, 267, 0, 0, 0, 0, 0, 0, 0, 0, 0]",Business & Markets,Business & Markets,0.525328,True
"[3157, 3909, 190, 111, 4126, 14, 1177, 64, 1171, 770, 701, 2239, 0, 0, 0, 0, 0, 0, 0, 0]",Politics,Politics,0.8993713,True
"[3527, 4, 720, 2876, 4661, 694, 2956, 16, 160, 3323, 4662, 0, 0, 0, 0, 0, 0, 0, 0, 0]",Business & Markets,Business & Markets,0.7717983,True
"[621, 3023, 1, 624, 2916, 16, 2917, 441, 0, 0, 0, 0, 0, 0, 0, 0, 0, 0, 0, 0]",Business & Markets,Business & Markets,0.98022676,True
"[611, 687, 2121, 2122, 68, 2119, 2123, 25, 552, 914, 68, 956, 0, 0, 0, 0, 0, 0, 0, 0]",Technology,Technology,0.9955603,True
"[2733, 1204, 443, 3372, 191, 4131, 2935, 130, 612, 70, 300, 4132, 0, 0, 0, 0, 0, 0, 0, 0]",Business & Markets,Business & Markets,0.9884985,True
"[218, 4, 4405, 4406, 4407, 4408, 4409, 50, 4410, 157, 4411, 1642, 0, 0, 0, 0, 0, 0, 0, 0]",Energy,Energy,0.92432845,True
"[394, 1, 157, 252, 477, 1, 4674, 1, 0, 0, 0, 0, 0, 0, 0, 0, 0, 0, 0, 0]",Business & Markets,Politics,0.87251645,False
"[1, 1790, 878, 1791, 1, 445, 25, 1, 447, 0, 0, 0, 0, 0, 0, 0, 0, 0, 0, 0]",Technology,Technology,0.9347576,True
"[1653, 1370, 1, 1988, 678, 357, 762, 479, 736, 0, 0, 0, 0, 0, 0, 0, 0, 0, 0, 0]",Business & Markets,Business & Markets,0.9822143,True
"[4387, 326, 118, 636, 2128, 2129, 432, 1564, 1131, 119, 2100, 4077, 0, 0, 0, 0, 0, 0, 0, 0]",Business & Markets,Business & Markets,0.9904721,True
"[1490, 155, 1855, 678, 1415, 1, 651, 75, 443, 1349, 0, 0, 0, 0, 0, 0, 0, 0, 0, 0]",Business & Markets,Business & Markets,0.99807954,True
"[1929, 1930, 691, 1927, 16, 1931, 14, 196, 0, 0, 0, 0, 0, 0, 0, 0, 0, 0, 0, 0]",Business & Markets,Business & Markets,0.989883,True
"[679, 9, 4966, 277, 2963, 1275, 157, 2667, 723, 0, 0, 0, 0, 0, 0, 0, 0, 0, 0, 0]",Business & Markets,Business & Markets,0.67667997,True
"[4156, 1093, 899, 1516, 948, 0, 0, 0, 0, 0, 0, 0, 0, 0, 0, 0, 0, 0, 0, 0]",Business & Markets,Business & Markets,0.8734365,True
"[1, 536, 25, 152, 160, 154, 813, 120, 76, 157, 44, 85, 149, 0, 0, 0, 0, 0, 0, 0]",Business & Markets,Business & Markets,0.99785256,True
"[3033, 4812, 75, 762, 642, 357, 625, 3037, 0, 0, 0, 0, 0, 0, 0, 0, 0, 0, 0, 0]",Business & Markets,Business & Markets,0.9919851,True
"[680, 252, 711, 712, 25, 1, 14, 16, 1613, 0, 0, 0, 0, 0, 0, 0, 0, 0, 0, 0]",Business & Markets,Business & Markets,0.9371598,True
"[1608, 4280, 2805, 141, 912, 2186, 218, 1861, 157, 34, 0, 0, 0, 0, 0, 0, 0, 0, 0, 0]",Politics,Politics,0.8148762,True
"[1, 441, 308, 191, 380, 745, 2754, 2873, 100, 3551, 3552, 1, 948, 0, 0, 0, 0, 0, 0, 0]",Business & Markets,Business & Markets,0.9931452,True
"[209, 612, 442, 3581, 3361, 1722, 1242, 1193, 16, 1613, 3504, 1101, 170, 0, 0, 0, 0, 0, 0, 0]",Business & Markets,Business & Markets,0.9834425,True
"[1, 260, 1, 2128, 2129, 432, 0, 0, 0, 0, 0, 0, 0, 0, 0, 0, 0, 0, 0, 0]",Business & Markets,Business & Markets,0.7560401,True
"[3890, 3891, 310, 65, 0, 0, 0, 0, 0, 0, 0, 0, 0, 0, 0, 0, 0, 0, 0, 0]",Business & Markets,Business & Markets,0.98772615,True
"[611, 2161, 197, 2162, 25, 2163, 269, 825, 2131, 0, 0, 0, 0, 0, 0, 0, 0, 0, 0, 0]",Business & Markets,Technology,0.9031756,False
"[2857, 2821, 465, 197, 853, 25, 569, 2072, 1054, 0, 0, 0, 0, 0, 0, 0, 0, 0, 0, 0]",Business & Markets,Technology,0.9313378,False
"[4342, 700, 1307, 454, 148, 1, 719, 2209, 16, 22, 1448, 394, 0, 0, 0, 0, 0, 0, 0, 0]",Business & Markets,Business & Markets,0.888284,True
"[4418, 141, 373, 1797, 4419, 16, 2659, 2332, 0, 0, 0, 0, 0, 0, 0, 0, 0, 0, 0, 0]",Politics,Politics,0.8607095,True
"[304, 1954, 2543, 28, 2555, 1639, 184, 255, 157, 28, 428, 0, 0, 0, 0, 0, 0, 0, 0, 0]",Business & Markets,Business & Markets,0.9868902,True
"[3230, 397, 536, 25, 810, 153, 154, 149, 155, 156, 157, 945, 1128, 0, 0, 0, 0, 0, 0, 0]",Business & Markets,Business & Markets,0.9964998,True
"[1, 2160, 1, 1, 25, 267, 862, 28, 301, 1, 302, 96, 2726, 560, 0, 0, 0, 0, 0, 0]",Business & Markets,Business & Markets,0.5623854,True
"[2759, 1648, 81, 82, 1, 3129, 2729, 3049, 152, 100, 905, 702, 969, 0, 0, 0, 0, 0, 0, 0]",Business & Markets,Business & Markets,0.69392556,True
"[509, 1, 2210, 249, 523, 640, 300, 1, 4, 2226, 0, 0, 0, 0, 0, 0, 0, 0, 0, 0]",Business & Markets,Business & Markets,0.9853212,True
"[2213, 43, 57, 1296, 3820, 9, 68, 96, 4731, 9, 1202, 57, 59, 27, 506, 132, 157, 0, 0, 0]",Business & Markets,Business & Markets,0.97063565,True
"[46, 1, 1, 41, 2739, 2661, 1228, 1, 25, 1, 2739, 16, 963, 236, 0, 0, 0, 0, 0, 0]",Business & Markets,Business & Markets,0.74368083,True
"[54, 136, 2708, 116, 552, 331, 775, 2178, 2709, 987, 0, 0, 0, 0, 0, 0, 0, 0, 0, 0]",Business & Markets,Business & Markets,0.98825735,True
"[1338, 1, 1106, 3975, 25, 2186, 145, 16, 4509, 100, 1108, 0, 0, 0, 0, 0, 0, 0, 0, 0]",Politics,Politics,0.9162161,True
"[28, 473, 2235, 290, 3681, 122, 964, 4304, 119, 206, 427, 0, 0, 0, 0, 0, 0, 0, 0, 0]",Politics,Politics,0.82230836,True
"[1, 582, 325, 326, 540, 958, 959, 1, 0, 0, 0, 0, 0, 0, 0, 0, 0, 0, 0, 0]",Business & Markets,Business & Markets,0.9803781,True
"[3612, 4703, 4704, 2454, 53, 770, 97, 1226, 25, 854, 4705, 1185, 4706, 0, 0, 0, 0, 0, 0, 0]",Business & Markets,Business & Markets,0.98826444,True
"[3780, 75, 443, 485, 1, 25, 310, 1807, 679, 0, 0, 0, 0, 0, 0, 0, 0, 0, 0, 0]",Business & Markets,Business & Markets,0.9969591,True
"[2970, 1208, 254, 64, 28, 3368, 191, 2676, 1, 28, 2672, 1608, 100, 61, 0, 0, 0, 0, 0, 0]",Politics,Business & Markets,0.94808847,False
"[187, 1, 111, 188, 189, 190, 191, 49, 192, 193, 0, 0, 0, 0, 0, 0, 0, 0, 0, 0]",Politics,Politics,0.97948015,True
"[4261, 536, 4257, 2470, 1373, 1340, 1306, 919, 55, 25, 434, 3049, 1108, 1038, 0, 0, 0, 0, 0, 0]",Business & Markets,Business & Markets,0.9953366,True
"[162, 4798, 1901, 427, 1706, 25, 67, 4711, 1836, 1885, 4710, 170, 0, 0, 0, 0, 0, 0, 0, 0]",Politics,Politics,0.99084723,True
"[209, 4805, 2028, 1027, 366, 310, 2345, 2710, 181, 526, 130, 124, 472, 0, 0, 0, 0, 0, 0, 0]",Business & Markets,Business & Markets,0.9469992,True
"[2524, 449, 687, 2525, 1, 1, 1, 2526, 100, 1773, 96, 2335, 2527, 157, 1921, 2528, 96, 2529, 0, 0]",Health,Technology,0.35484973,False
"[1212, 25, 1315, 310, 1, 16, 28, 209, 0, 0, 0, 0, 0, 0, 0, 0, 0, 0, 0, 0]",Business & Markets,Business & Markets,0.9157636,True
"[739, 740, 401, 677, 625, 25, 3418, 7, 1387, 2031, 3419, 13, 25, 2470, 9, 310, 3419, 29, 0, 0]",Business & Markets,Business & Markets,0.9982651,True
"[509, 277, 2035, 4, 96, 3447, 1370, 197, 109, 100, 928, 14, 0, 0, 0, 0, 0, 0, 0, 0]",Business & Markets,Business & Markets,0.99164736,True
"[16, 28, 99, 1642, 1212, 1615, 1, 3033, 3205, 229, 3206, 349, 0, 0, 0, 0, 0, 0, 0, 0]",Politics,Business & Markets,0.7189099,False
"[481, 482, 1, 4533, 157, 847, 9, 2013, 16, 1, 772, 1000, 0, 0, 0, 0, 0, 0, 0, 0]",Politics,Politics,0.90456915,True
"[1, 1, 1, 1, 1, 0, 0, 0, 0, 0, 0, 0, 0, 0, 0, 0, 0, 0, 0, 0]",Politics,Politics,0.5227511,True
"[2731, 287, 1988, 2763, 62, 2764, 157, 640, 2765, 1, 0, 0, 0, 0, 0, 0, 0, 0, 0, 0]",Business & Markets,Business & Markets,0.9829906,True
"[1, 170, 1582, 1, 100, 1, 2830, 2102, 0, 0, 0, 0, 0, 0, 0, 0, 0, 0, 0, 0]",Business & Markets,Health,0.38783848,False
"[223, 4171, 218, 76, 456, 444, 4172, 70, 7, 30, 25, 3783, 0, 0, 0, 0, 0, 0, 0, 0]",Business & Markets,Business & Markets,0.9854828,True
"[716, 879, 96, 115, 16, 880, 4, 881, 882, 25, 821, 68, 456, 0, 0, 0, 0, 0, 0, 0]",Business & Markets,Technology,0.9626841,False
"[4594, 1, 1, 362, 25, 4236, 100, 309, 157, 4056, 1, 2127, 4595, 0, 0, 0, 0, 0, 0, 0]",Business & Markets,Business & Markets,0.67961854,True
"[31, 1786, 3168, 725, 50, 3169, 205, 2213, 1682, 0, 0, 0, 0, 0, 0, 0, 0, 0, 0, 0]",Business & Markets,Technology,0.80611545,False
"[2162, 25, 1201, 671, 3656, 3452, 191, 4561, 170, 22, 2808, 141, 104, 4330, 0, 0, 0, 0, 0, 0]",Business & Markets,Business & Markets,0.6472957,True
"[621, 4545, 53, 624, 1956, 1957, 4545, 53, 624, 0, 0, 0, 0, 0, 0, 0, 0, 0, 0, 0]",Business & Markets,Business & Markets,0.99484986,True
"[3982, 3983, 3984, 1897, 25, 3985, 1878, 3986, 3987, 3255, 99, 0, 0, 0, 0, 0, 0, 0, 0, 0]",Technology,Politics,0.94677883,False
"[43, 25, 1164, 1642, 2858, 1181, 1, 1, 1, 1, 1, 1, 2859, 96, 205, 16, 2860, 0, 0, 0]",Business & Markets,Business & Markets,0.9799566,True
"[21, 22, 23, 24, 25, 26, 1, 27, 28, 29, 30, 31, 32, 33, 34, 0, 0, 0, 0, 0]",Business & Markets,Business & Markets,0.9787733,True
"[1448, 951, 536, 917, 1, 1, 2916, 197, 66, 1, 28, 147, 954, 100, 1334, 1448, 951, 5069, 0, 0]",Business & Markets,Business & Markets,0.978629,True
"[2263, 898, 218, 2264, 1945, 96, 273, 1220, 720, 0, 0, 0, 0, 0, 0, 0, 0, 0, 0, 0]",Technology,Technology,0.97241396,True
"[1, 127, 4430, 1, 155, 1003, 4431, 91, 170, 0, 0, 0, 0, 0, 0, 0, 0, 0, 0, 0]",Politics,Politics,0.9121322,True
"[1219, 1220, 28, 1209, 136, 50, 1, 0, 0, 0, 0, 0, 0, 0, 0, 0, 0, 0, 0, 0]",Business & Markets,Technology,0.5155491,False
"[4846, 1908, 2110, 1, 64, 318, 0, 0, 0, 0, 0, 0, 0, 0, 0, 0, 0, 0, 0, 0]",Business & Markets,Business & Markets,0.88310486,True
"[5096, 582, 325, 1433, 100, 1648, 9, 362, 25, 1962, 694, 0, 0, 0, 0, 0, 0, 0, 0, 0]",Business & Markets,Business & Markets,0.9953662,True
"[73, 116, 104, 133, 134, 135, 136, 0, 0, 0, 0, 0, 0, 0, 0, 0, 0, 0, 0, 0]",Business & Markets,Business & Markets,0.94597036,True
"[612, 519, 1366, 3223, 2958, 9, 1345, 2276, 136, 2708, 4433, 2921, 92, 0, 0, 0, 0, 0, 0, 0]",Business & Markets,Business & Markets,0.70068306,True
