pwdsource_url,publish_date,news_paper_name,title,first_paragraph
https://www.bloomberg.com/news/articles/2026-07-24/blackrock-kicks-off-12-3-billion-bond-sale-for-meta-data-center,2026-07-24 09:09:57 AM,Bloomberg,BlackRock Kicks Off $12.3 Billion Bond Sale for Meta Data Center,BlackRock Inc. began marketing $12.3 billion of high-grade bonds to fund a Meta Platforms Inc. data center project as investors grapple with concerns about excessive AI infrastructure spending.
https://www.bloomberg.com/news/articles/2026-07-23/latest-oil-market-news-and-analysis-for-july-24,2026-07-23 06:04:48 PM,Bloomberg,Latest Oil Market News and Analysis for July 24,"Brent crude prices retreated from $100 a barrel, with traders assessing signs that oil was still managing to traverse Middle East trade routes despite the recent escalation in hostilities."
https://www.bloomberg.com/news/articles/2026-07-24/s-p-500-futures-steady-as-big-tech-rebounds-oil-dips-below-100,2026-07-24 08:39:22 AM,Bloomberg,"S&P 500 Rebounds as Strong Profits Offset War, Tech Bubble Fears","The S&amp;P 500 Index rebounded Friday, closing out a dizzying week as generally strong corporate earnings calmed markets that have been rattled by the oil-price spike and cracks in the AI-fueled tech stock rally."
https://www.bloomberg.com/news/articles/2026-07-23/stock-market-today-dow-s-p-live-updates,2026-07-23 06:06:16 PM,Bloomberg,"Stocks Rise, Oil Falls on Hopes for US-Iran Talks: Markets Wrap","Wall Street traders drove stocks and bonds higher, with oil falling on hopes that mediated talks between the US and Iran will resume after a collapse in their fragile ceasefire deal."
https://www.bloomberg.com/news/articles/2026-07-24/russia-s-top-black-sea-oil-port-halts-loadings-amid-safety-fears,2026-07-24 12:14:27 PM,Bloomberg,Russia’s Top Black Sea Oil Port Halts Loadings Amid Safety Fears,"The largest Russian oil port in the Black Sea paused tanker loadings over the past several days, amid a surge in Ukrainian drone attacks in the area."
https://www.bloomberg.com/news/newsletters/2026-07-24/the-real-reason-behind-the-private-credit-insurance-nexus,2026-07-24 11:55:03 AM,Bloomberg,The Real Reason Behind the Private Credit-Insurance Nexus,Private gains and public losses.
https://www.bloomberg.com/news/articles/2026-07-24/dollar-set-for-best-week-in-a-month-as-haven-flows-offer-support,2026-07-24 06:12:33 AM,Bloomberg,Dollar Heads for Its Best Week in a Month as Haven Demand Rises,The dollar is set for its best week in a month as investors return to the traditional haven amid heightened geopolitical tensions.
https://www.bloomberg.com/news/articles/2026-07-24/pe-backed-robotics-firm-brooks-automation-is-said-to-weigh-ipo,2026-07-24 11:04:41 AM,Bloomberg,PE-Backed Robotics Firm Brooks Automation Said to Weigh IPO,"Brooks Automation, a robotics and software automation company backed by Thomas H. Lee Partners, is considering an initial public offering, according to people familiar with the matter."
https://www.bloomberg.com/news/articles/2026-07-24/trump-s-saudi-deal-spurs-watchdog-interest-in-nuclear-settlement,2026-07-24 11:04:07 AM,Bloomberg,Trump’s Saudi Deal Spurs Watchdog Interest in Nuclear Settlement,"Donald Trump’s plans for a nuclear deal with Saudi Arabia are bringing tensions between US and South Korean reactor developers to the fore, surfacing details of a clash over market access that has garnered interest from regulators."
https://www.bloomberg.com/news/articles/2026-07-24/pork-struggles-to-gain-ground-even-in-middle-of-protein-craze,2026-07-24 11:00:00 AM,Bloomberg,Pork Struggles to Gain Ground Even in Middle of Protein Craze,"In a time of belt-tightening and America’s protein obsession, pork should be on a winning streak. It’s cheap compared with beef, which is climbing to record high prices, and it’s the type of clean protein consumers can’t seem to get enough of."
